Date,Overall AQI Value,Main Pollutant,Site Name (of Overall AQI),CO,Ozone,PM10,PM25,NO2
01-01-2020,23,PM2.5,Hyderabad,5,22,8,23,19
01-02-2020,51,PM2.5,Hyderabad,6,21,19,51,33
01-03-2020,60,PM2.5,Hyderabad,9,6,22,60,30
01-04-2020,58,PM2.5,Hyderabad,9,24,15,58,23
01-05-2020,32,Ozone,Bangalore,3,32,3,12,25
01-06-2020,41,PM2.5,Hyderabad,6,17,14,41,28
01-07-2020,48,PM2.5,Hyderabad,9,17,18,48,38
01-08-2020,43,PM2.5,Hyderabad,6,30,13,43,26
01-09-2020,29,NO2,Hyderabad,6,28,9,23,29
01-10-2020,52,PM2.5,Hyderabad,7,17,19,52,34
01-11-2020,52,PM2.5,Hyderabad,7,33,19,52,27
01-12-2020,30,Ozone,Bangalore,3,30,10,27,7
01/13/2020,52,PM2.5,Hyderabad,3,10,16,52,19
01/14/2020,58,PM2.5,Hyderabad,6,13,18,58,21
01/15/2020,52,PM2.5,Hyderabad,9,27,14,52,30
01/16/2020,45,PM2.5,Hyderabad,10,30,11,45,26
01/17/2020,35,Ozone,Bangalore,2,35,8,21,10
01/18/2020,37,PM2.5,Hyderabad,5,28,11,37,31
01/19/2020,60,PM2.5,Hyderabad,7,31,19,60,33
01/20/2020,36,Ozone,Bangalore,2,36,7,21,19
01/21/2020,41,NO2,Bangalore,6,34,14,37,41
01/22/2020,67,PM2.5,Hyderabad,11,20,42,67,43
01/23/2020,84,PM2.5,Hyderabad,13,11,61,84,43
01/24/2020,80,PM2.5,Hyderabad,11,19,38,80,42
01/25/2020,49,PM2.5,Hyderabad,8,33,12,49,24
01/26/2020,23,PM2.5,Hyderabad,6,19,7,23,23
01/27/2020,26,PM2.5,Hyderabad,6,19,8,26,21
01/28/2020,31,Ozone,Bangalore,2,31,5,11,13
01/29/2020,38,Ozone,Bangalore,2,38,5,15,14
01/30/2020,36,NO2,Bangalore,6,30,11,31,36
01/31/2020,56,PM2.5,Hyderabad,10,23,25,56,37
02-01-2020,71,PM2.5,Hyderabad,8,18,24,71,32
02-02-2020,58,PM2.5,Hyderabad,6,31,16,58,18
02-03-2020,53,PM2.5,Hyderabad,10,18,19,53,33
02-04-2020,63,PM2.5,Hyderabad,10,22,23,63,31
02-05-2020,32,PM2.5,Bangalore,7,29,8,32,30
02-06-2020,46,PM2.5,Bangalore,3,17,9,46,22
02-07-2020,30,Ozone,Bangalore,3,30,6,24,16
02-08-2020,32,Ozone,Bangalore,2,32,6,24,18
02-09-2020,53,PM2.5,Hyderabad,3,23,12,53,24
02-10-2020,60,PM2.5,Hyderabad,7,26,18,60,28
02-11-2020,58,PM2.5,Hyderabad,7,.,15,58,25
02-12-2020,48,PM2.5,Hyderabad,5,.,12,48,23
02/13/2020,47,PM2.5,Hyderabad,6,.,10,47,30
02/14/2020,24,PM2.5,Bangalore,2,.,7,24,21
02/15/2020,30,PM2.5,Hyderabad,5,.,9,30,20
02/16/2020,54,PM2.5,Hyderabad,7,.,16,54,29
02/17/2020,59,PM2.5,Hyderabad,7,.,17,59,30
02/18/2020,55,PM2.5,Hyderabad,5,.,15,55,34
02/19/2020,37,Ozone,Bangalore,5,37,8,34,27
02/20/2020,36,Ozone,Bangalore,2,36,8,21,19
02/21/2020,36,Ozone,Bangalore,5,36,9,26,29
02/22/2020,52,PM2.5,Hyderabad,8,39,16,52,42
02/23/2020,63,PM2.5,Hyderabad,10,41,23,63,36
02/24/2020,55,PM2.5,Bangalore,8,42,19,55,42
02/25/2020,64,PM2.5,Bangalore,6,20,23,64,31
02/26/2020,63,PM2.5,Hyderabad,5,39,19,63,18
02/27/2020,38,Ozone,Bangalore,3,38,5,12,20
02/28/2020,37,NO2,Hyderabad,5,36,8,25,37
02/29/2020,35,Ozone,Bangalore,6,35,7,27,30
03-01-2020,39,NO2,Hyderabad,5,38,7,27,39
03-02-2020,56,PM2.5,Hyderabad,7,46,21,56,37
03-03-2020,60,PM2.5,Hyderabad,6,43,21,60,29
03-04-2020,37,Ozone,Delhi,3,37,7,26,16
03-05-2020,36,Ozone,Visakhapatnam,5,36,6,22,30
03-06-2020,40,Ozone,Delhi,6,40,12,38,29
03-07-2020,40,Ozone,Bangalore,2,40,6,19,27
03-08-2020,38,Ozone,Delhi,5,38,.,.,.
03-09-2020,52,PM2.5,Hyderabad,5,44,19,52,.
03-10-2020,55,PM2.5,Hyderabad,6,37,23,55,31
03-11-2020,37,Ozone,Bangalore,3,37,7,26,8
03-12-2020,48,PM2.5,Hyderabad,5,37,15,48,22
03/13/2020,37,Ozone,Delhi,5,37,9,33,24
03/14/2020,36,Ozone,Bangalore,3,36,6,22,24
03/15/2020,43,Ozone,Bangalore,2,43,6,24,7
03/16/2020,42,Ozone,Visakhapatnam,3,42,9,33,15
03/17/2020,48,PM2.5,Hyderabad,5,34,13,48,25
03/18/2020,43,Ozone,Visakhapatnam,3,43,8,28,28
03/19/2020,35,Ozone,Visakhapatnam,3,35,6,28,10
03/20/2020,58,PM2.5,Hyderabad,7,31,19,58,26
03/21/2020,39,Ozone,Bangalore,5,39,6,20,8
03/22/2020,41,Ozone,Bangalore,2,41,8,32,8
03/23/2020,36,Ozone,Delhi,2,36,6,26,15
03/24/2020,39,Ozone,Bangalore,2,39,4,14,17
03/25/2020,37,PM2.5,Hyderabad,2,36,9,37,27
03/26/2020,44,Ozone,Visakhapatnam,5,44,12,40,19
03/27/2020,43,Ozone,Bangalore,5,43,12,36,30
03/28/2020,44,PM2.5,Bangalore,5,40,10,44,27
03/29/2020,42,Ozone,Delhi,3,42,5,18,7
03/30/2020,38,Ozone,Visakhapatnam,2,38,4,14,6
03/31/2020,43,Ozone,Visakhapatnam,2,43,7,26,11
04-01-2020,42,Ozone,Bangalore,2,42,9,32,16
04-02-2020,38,Ozone,Bangalore,2,38,8,14,7
04-03-2020,36,Ozone,Bangalore,2,36,1,4,5
04-04-2020,39,Ozone,Bangalore,3,39,5,17,8
04-05-2020,48,PM2.5,Hyderabad,3,37,15,48,8
04-06-2020,42,Ozone,Bangalore,3,42,10,31,25
04-07-2020,48,Ozone,Delhi,3,48,10,26,16
04-08-2020,41,Ozone,Bangalore,3,41,9,31,24
04-09-2020,44,PM2.5,Hyderabad,3,41,12,44,21
04-10-2020,35,Ozone,Delhi,3,35,5,14,17
04-11-2020,39,Ozone,Bangalore,3,39,5,17,29
04-12-2020,51,PM2.5,Hyderabad,6,47,14,51,32
04/13/2020,45,Ozone,Delhi,3,45,12,37,13
04/14/2020,43,Ozone,Visakhapatnam,3,43,6,23,18
04/15/2020,42,Ozone,Delhi,3,42,9,33,35
04/16/2020,39,Ozone,Bangalore,5,39,8,29,29
04/17/2020,44,Ozone,Bangalore,3,44,11,41,28
04/18/2020,40,Ozone,Visakhapatnam,3,40,7,37,22
04/19/2020,53,PM2.5,Hyderabad,5,50,16,53,25
04/20/2020,39,Ozone,Bangalore,3,39,10,32,23
04/21/2020,41,Ozone,Delhi,3,41,13,38,20
04/22/2020,40,Ozone,Visakhapatnam,2,40,7,24,11
04/23/2020,47,PM2.5,Hyderabad,5,43,14,47,39
04/24/2020,52,PM2.5,Hyderabad,6,37,12,52,35
04/25/2020,54,PM2.5,Hyderabad,7,48,16,54,25
04/26/2020,41,Ozone,Bangalore,3,41,8,32,9
04/27/2020,36,Ozone,Bangalore,2,36,2,8,4
04/28/2020,41,Ozone,Delhi,3,41,8,26,21
04/29/2020,42,Ozone,Delhi,5,42,11,35,21
04/30/2020,43,PM2.5,Hyderabad,3,41,15,43,23
05-01-2020,48,Ozone,Delhi,3,48,6,19,22
05-02-2020,38,Ozone,Bangalore,6,38,9,37,20
05-03-2020,61,Ozone,Delhi,6,61,13,49,13
05-04-2020,41,Ozone,Delhi,5,41,9,18,9
05-05-2020,38,Ozone,Bangalore,2,38,8,23,19
05-06-2020,34,Ozone,Visakhapatnam,3,34,10,29,18
05-07-2020,43,Ozone,Bangalore,3,43,11,32,25
05-08-2020,40,Ozone,Visakhapatnam,5,40,9,29,16
05-09-2020,30,Ozone,Bangalore,2,30,4,11,8
05-10-2020,44,Ozone,Delhi,3,44,10,29,16
05-11-2020,42,Ozone,Delhi,5,42,14,40,26
05-12-2020,39,Ozone,Bangalore,2,39,7,22,8
05/13/2020,38,Ozone,Delhi,2,38,8,24,18
05/14/2020,54,Ozone,Delhi,5,54,16,37,29
05/15/2020,84,Ozone,Delhi,6,84,19,57,18
05/16/2020,40,Ozone,Delhi,3,40,7,22,10
05/17/2020,43,Ozone,Visakhapatnam,3,43,7,22,8
05/18/2020,40,Ozone,Delhi,3,40,9,28,11
05/19/2020,41,Ozone,Bangalore,2,41,11,27,8
05/20/2020,43,Ozone,Bangalore,3,43,10,26,15
05/21/2020,49,Ozone,Visakhapatnam,5,49,17,36,22
05/22/2020,47,PM2.5,Hyderabad,5,47,19,47,19
05/23/2020,43,Ozone,Visakhapatnam,3,43,15,38,10
05/24/2020,43,PM2.5,Hyderabad,3,40,16,43,8
05/25/2020,46,PM2.5,Bangalore,5,25,13,46,8
05/26/2020,34,Ozone,Visakhapatnam,5,34,10,27,14
05/27/2020,34,Ozone,Bangalore,5,34,10,29,13
05/28/2020,33,PM2.5,Hyderabad,3,19,11,33,13
05/29/2020,33,PM2.5,Hyderabad,5,22,10,33,10
05/30/2020,39,Ozone,Bangalore,3,39,12,26,15
05/31/2020,31,Ozone,Bangalore,3,31,7,13,7
06-01-2020,33,Ozone,Delhi,3,33,11,24,27
06-02-2020,44,Ozone,Delhi,5,44,17,38,20
06-03-2020,51,PM2.5,Hyderabad,5,47,19,51,20
06-04-2020,97,Ozone,Delhi,5,97,21,55,20
06-05-2020,56,PM2.5,Hyderabad,6,45,19,56,24
06-06-2020,44,Ozone,Bangalore,5,44,16,42,10
06-07-2020,33,Ozone,Delhi,2,33,9,24,10
06-08-2020,31,Ozone,Delhi,3,31,13,30,23
06-09-2020,93,Ozone,Delhi,5,93,16,38,21
06-10-2020,61,Ozone,Bangalore,5,61,18,51,17
06-11-2020,54,PM2.5,Hyderabad,5,33,20,54,14
06-12-2020,46,Ozone,Delhi,3,46,13,33,10
06/13/2020,34,Ozone,Delhi,2,34,6,13,6
06/14/2020,37,Ozone,Bangalore,3,37,8,27,9
06/15/2020,34,Ozone,Bangalore,3,34,11,32,10
06/16/2020,42,Ozone,Bangalore,3,42,12,35,20
06/17/2020,45,Ozone,Bangalore,3,45,14,35,20
06/18/2020,26,Ozone,Bangalore,5,26,9,23,11
06/19/2020,50,Ozone,Bangalore,5,50,11,31,16
06/20/2020,54,Ozone,Bangalore,6,54,14,52,10
06/21/2020,58,Ozone,Delhi,5,58,13,49,11
06/22/2020,80,Ozone,Bangalore,5,80,15,44,19
06/23/2020,52,PM2.5,Hyderabad,5,50,16,52,16
06/24/2020,53,PM2.5,Bangalore,5,45,18,53,15
06/25/2020,67,Ozone,Delhi,5,67,17,40,20
06/26/2020,51,Ozone,Delhi,5,51,17,46,25
06/27/2020,55,PM2.5,Hyderabad,6,50,20,55,20
06/28/2020,54,PM2.5,Bangalore,5,45,17,54,12
06/29/2020,41,Ozone,Bangalore,5,41,14,34,12
06/30/2020,39,Ozone,Bangalore,3,39,10,26,21
07-01-2020,33,Ozone,Delhi,5,33,12,28,20
07-02-2020,52,PM2.5,Hyderabad,5,41,19,52,17
07-03-2020,56,PM2.5,Bangalore,3,27,18,56,16
07-04-2020,56,PM2.5,Hyderabad,3,31,17,56,9
07-05-2020,70,PM2.5,Hyderabad,5,44,27,70,15
07-06-2020,57,PM2.5,Bangalore,6,45,18,57,13
07-07-2020,38,PM2.5,Hyderabad,5,31,11,38,14
07-08-2020,53,PM2.5,Hyderabad,6,35,17,53,17
07-09-2020,55,PM2.5,Bangalore,6,54,18,55,18
07-10-2020,34,PM2.5,Hyderabad,3,23,13,34,9
07-11-2020,44,PM2.5,Bangalore,3,36,14,44,7
07-12-2020,41,PM2.5,Hyderabad,5,37,12,41,15
07/13/2020,71,Ozone,Delhi,5,71,14,48,18
07/14/2020,36,PM2.5,Hyderabad,2,31,11,36,15
07/15/2020,37,PM2.5,Hyderabad,5,31,11,37,11
07/16/2020,30,PM2.5,Hyderabad,5,29,13,30,13
07/17/2020,32,PM2.5,Hyderabad,7,25,11,32,17
07/18/2020,52,PM2.5,Bangalore,7,45,14,52,18
07/19/2020,129,Ozone,Delhi,7,129,18,57,12
07/20/2020,52,PM2.5,Bangalore,5,48,16,52,18
07/21/2020,47,Ozone,Delhi,3,47,16,44,19
07/22/2020,54,Ozone,Bangalore,6,54,15,47,20
07/23/2020,84,Ozone,Delhi,6,84,14,36,18
07/24/2020,44,Ozone,Bangalore,5,44,14,43,16
07/25/2020,54,Ozone,Delhi,6,54,13,50,14
07/26/2020,47,PM2.5,Hyderabad,6,46,13,47,16
07/27/2020,67,Ozone,Delhi,5,67,18,53,22
07/28/2020,48,Ozone,Delhi,5,48,15,47,21
07/29/2020,71,Ozone,Bangalore,5,71,18,46,21
07/30/2020,64,Ozone,Delhi,5,64,15,43,21
07/31/2020,48,PM2.5,Hyderabad,5,43,15,48,15
08-01-2020,41,PM2.5,Hyderabad,6,39,14,41,18
08-02-2020,52,PM2.5,Hyderabad,5,34,18,52,9
08-03-2020,48,Ozone,Delhi,5,48,16,43,14
08-04-2020,46,PM2.5,Hyderabad,3,24,21,46,20
08-05-2020,58,Ozone,Delhi,6,58,14,44,21
08-06-2020,51,Ozone,Bangalore,7,51,16,50,28
08-07-2020,52,PM2.5,Hyderabad,8,47,16,52,21
08-08-2020,61,Ozone,Bangalore,7,61,15,53,19
08-09-2020,87,Ozone,Delhi,6,87,13,51,11
08-10-2020,97,Ozone,Delhi,6,97,16,52,18
08-11-2020,77,Ozone,Visakhapatnam,6,77,19,57,22
08-12-2020,74,Ozone,Delhi,3,74,14,43,23
08/13/2020,48,PM2.5,Hyderabad,3,44,20,48,20
08/14/2020,54,PM2.5,Hyderabad,3,43,20,54,14
08/15/2020,54,PM2.5,Hyderabad,3,27,17,54,8
08/16/2020,52,PM2.5,Hyderabad,2,19,14,52,6
08/17/2020,49,PM2.5,Hyderabad,5,39,14,49,15
08/18/2020,41,PM2.5,Hyderabad,3,38,13,41,19
08/19/2020,38,PM2.5,Bangalore,5,30,12,38,21
08/20/2020,37,Ozone,Delhi,3,37,10,27,15
08/21/2020,101,Ozone,Delhi,6,101,16,47,22
08/22/2020,58,Ozone,Delhi,7,58,19,55,25
08/23/2020,74,Ozone,Bangalore,9,74,17,56,21
08/24/2020,51,Ozone,Delhi,5,51,15,45,21
08/25/2020,52,PM2.5,Hyderabad,5,47,16,52,19
08/26/2020,31,Ozone,Bangalore,2,31,11,18,9
08/27/2020,39,Ozone,Delhi,5,39,12,33,22
08/28/2020,43,PM2.5,Hyderabad,6,38,13,43,23
08/29/2020,50,PM2.5,Hyderabad,5,30,17,50,15
08/30/2020,28,Ozone,Bangalore,3,28,7,21,17
08/31/2020,32,Ozone,Bangalore,5,32,10,27,17
09-01-2020,30,Ozone,Visakhapatnam,5,30,11,25,16
09-02-2020,32,PM2.5,Hyderabad,6,21,12,32,21
09-03-2020,37,PM2.5,Hyderabad,5,33,16,37,22
09-04-2020,39,Ozone,Delhi,5,39,12,34,23
09-05-2020,37,Ozone,Delhi,5,37,11,27,15
09-06-2020,54,Ozone,Delhi,6,54,14,41,16
09-07-2020,35,Ozone,Visakhapatnam,5,35,10,24,11
09-08-2020,41,Ozone,Bangalore,5,41,15,34,22
09-09-2020,45,PM2.5,Hyderabad,6,36,18,45,25
09-10-2020,33,PM2.5,Hyderabad,6,23,12,33,20
09-11-2020,36,PM2.5,Hyderabad,5,29,11,36,22
09-12-2020,30,Ozone,Bangalore,5,30,10,27,9
09/13/2020,38,PM2.5,Hyderabad,5,30,16,38,9
09/14/2020,27,PM2.5,Hyderabad,3,27,11,27,10
09/15/2020,25,Ozone,Delhi,5,25,13,22,19
09/16/2020,35,Ozone,Visakhapatnam,6,35,15,33,24
09/17/2020,40,Ozone,Visakhapatnam,6,40,15,39,23
09/18/2020,36,PM2.5,Hyderabad,5,26,15,36,6
09/19/2020,28,Ozone,Delhi,2,28,14,22,15
09/20/2020,31,PM2.5,Bangalore,3,28,15,31,23
09/21/2020,31,Ozone,Visakhapatnam,5,31,12,29,25
09/22/2020,36,Ozone,Delhi,5,36,17,29,16
09/23/2020,52,PM2.5,Hyderabad,6,44,21,52,33
09/24/2020,61,PM2.5,Hyderabad,8,45,31,61,34
09/25/2020,84,Ozone,Delhi,8,84,35,69,36
09/26/2020,58,PM2.5,Hyderabad,7,44,19,58,15
09/27/2020,33,PM2.5,Hyderabad,5,32,11,33,10
09/28/2020,34,PM2.5,Hyderabad,5,32,12,34,14
09/29/2020,44,PM2.5,Hyderabad,5,31,13,44,19
09/30/2020,29,Ozone,Visakhapatnam,5,29,9,23,21
10-01-2020,39,PM2.5,Hyderabad,6,31,15,39,25
10-02-2020,33,PM2.5,Hyderabad,6,22,10,33,22
10-03-2020,48,PM2.5,Hyderabad,8,24,12,48,18
10-04-2020,42,PM2.5,Bangalore,5,29,10,42,17
10-05-2020,33,PM2.5,Hyderabad,5,28,10,33,23
10-06-2020,44,PM2.5,Hyderabad,6,38,14,44,24
10-07-2020,47,PM2.5,Hyderabad,5,36,18,47,25
10-08-2020,26,Ozone,Bangalore,2,26,7,13,5
10-09-2020,27,PM2.5,Hyderabad,2,25,10,27,20
10-10-2020,44,PM2.5,Hyderabad,.,36,17,44,17
10-11-2020,36,PM2.5,Hyderabad,.,23,12,36,9
10-12-2020,29,PM2.5,Hyderabad,2,21,10,29,10
10/13/2020,17,Ozone,Bangalore,2,17,4,11,8
10/14/2020,34,NO2,Hyderabad,.,32,12,31,34
10/15/2020,47,PM2.5,Hyderabad,.,43,19,47,22
10/16/2020,27,Ozone,Bangalore,.,27,8,22,22
10/17/2020,33,PM2.5,Hyderabad,8,26,8,33,27
10/18/2020,52,PM2.5,Hyderabad,10,28,14,52,19
10/19/2020,50,PM2.5,Hyderabad,6,25,16,50,25
10/20/2020,38,PM2.5,Hyderabad,7,26,14,38,25
10/21/2020,45,PM2.5,Hyderabad,6,27,13,45,20
10/22/2020,55,PM2.5,Hyderabad,.,29,18,55,24
10/23/2020,54,PM2.5,Hyderabad,6,29,17,54,22
10/24/2020,30,PM2.5,Hyderabad,5,25,9,30,14
10/25/2020,26,PM2.5,Bangalore,.,21,7,26,8
10/26/2020,42,PM2.5,Hyderabad,2,19,12,42,17
10/27/2020,33,PM2.5,Bangalore,3,23,10,33,17
10/28/2020,34,PM2.5,Hyderabad,6,11,8,34,18
10/29/2020,41,PM2.5,Hyderabad,6,22,10,41,19
10/30/2020,29,PM2.5,Bangalore,5,26,6,29,26
10/31/2020,55,PM2.5,Hyderabad,8,19,16,55,23
11-01-2020,58,PM2.5,Hyderabad,10,27,19,58,23
11-02-2020,29,Ozone,Bangalore,3,29,6,16,22
11-03-2020,26,Ozone,Bangalore,3,26,6,19,22
11-04-2020,41,PM2.5,Hyderabad,6,30,14,41,22
11-05-2020,42,PM2.5,Hyderabad,6,35,15,42,28
11-06-2020,55,PM2.5,Hyderabad,8,31,19,55,33
11-07-2020,70,PM2.5,Hyderabad,13,42,29,70,38
11-08-2020,98,PM2.5,Hyderabad,17,37,41,98,45
11-09-2020,83,PM2.5,Hyderabad,18,24,37,83,47
11-10-2020,66,PM2.5,Hyderabad,13,28,24,66,38
11-11-2020,40,PM2.5,Hyderabad,5,20,13,40,17
11-12-2020,26,PM2.5,Hyderabad,3,18,8,26,11
11/13/2020,28,PM2.5,Hyderabad,3,12,6,28,14
11/14/2020,47,PM2.5,Hyderabad,6,27,10,47,26
11/15/2020,55,PM2.5,Hyderabad,8,36,15,55,23
11/16/2020,26,Ozone,Bangalore,5,26,8,25,22
11/17/2020,39,PM2.5,Hyderabad,6,28,10,39,28
11/18/2020,28,Ozone,Bangalore,2,28,6,17,18
11/19/2020,44,PM2.5,Hyderabad,6,21,13,44,29
11/20/2020,54,PM2.5,Hyderabad,7,19,19,54,33
11/21/2020,53,PM2.5,Hyderabad,8,28,16,53,32
11/22/2020,37,PM2.5,Hyderabad,2,19,11,37,10
11/23/2020,26,Ozone,Bangalore,3,26,6,25,14
11/24/2020,32,PM2.5,Bangalore,7,24,7,32,29
11/25/2020,50,PM2.5,Hyderabad,8,13,14,50,26
11/26/2020,53,PM2.5,Hyderabad,10,31,16,53,25
11/27/2020,47,PM2.5,Hyderabad,9,9,13,47,19
11/28/2020,38,PM2.5,Hyderabad,.,23,9,38,20
11/29/2020,53,PM2.5,Hyderabad,.,23,13,53,27
11/30/2020,59,PM2.5,Hyderabad,.,34,20,59,25
12-01-2020,43,PM2.5,Hyderabad,.,22,16,43,23
12-02-2020,22,PM2.5,Hyderabad,3,20,6,22,17
12-03-2020,37,PM2.5,Hyderabad,6,20,11,37,30
12-04-2020,47,PM2.5,Hyderabad,6,19,14,47,28
12-05-2020,37,PM2.5,Hyderabad,.,22,7,37,22
12-06-2020,27,Ozone,Bangalore,2,27,3,10,6
12-07-2020,43,NO2,Bangalore,3,28,6,18,43
12-08-2020,24,PM2.5,Bangalore,2,24,6,24,17
12-09-2020,53,PM2.5,Hyderabad,7,16,14,53,30
12-10-2020,42,PM2.5,Bangalore,7,24,9,42,28
12-11-2020,69,PM2.5,Hyderabad,9,19,24,69,28
12-12-2020,74,PM2.5,Hyderabad,9,4,25,74,29
12/13/2020,58,PM2.5,Hyderabad,6,23,17,58,16
12/14/2020,37,PM2.5,Bangalore,3,23,8,37,25
12/15/2020,27,Ozone,Bangalore,2,27,5,14,11
12/16/2020,27,PM2.5,Hyderabad,2,26,10,27,15
12/17/2020,31,Ozone,Bangalore,2,31,9,19,8
12/18/2020,35,PM2.5,Bangalore,5,27,11,35,32
12/19/2020,68,PM2.5,Bangalore,11,19,28,68,39
12/20/2020,94,PM2.5,Bangalore,13,3,40,94,35
12/21/2020,98,PM2.5,Bangalore,15,5,41,98,32
12/22/2020,67,PM2.5,Bangalore,15,31,21,67,32
12/23/2020,32,NO2,Bangalore,7,28,11,27,32
12/24/2020,56,PM2.5,Hyderabad,7,33,26,56,38
12/25/2020,37,Ozone,Bangalore,.,37,11,33,9
12/26/2020,36,PM2.5,Hyderabad,.,21,9,36,13
12/27/2020,53,PM2.5,Hyderabad,6,19,14,53,23
12/28/2020,59,PM2.5,Hyderabad,10,25,19,59,31
12/29/2020,30,Ozone,Bangalore,6,30,5,16,10
12/30/2020,32,NO2,Hyderabad,6,23,9,31,32
12/31/2020,40,PM2.5,Hyderabad,5,24,10,40,24
01-01-2021,55,PM2.5,Bangalore,5,19,13,55,28
01-02-2021,27,PM2.5,Bangalore,3,24,6,27,23
01-03-2021,47,PM2.5,Bangalore,3,20,9,47,23
01-04-2021,51,PM2.5,Bangalore,6,23,11,51,25
01-05-2021,52,PM2.5,Bangalore,7,25,12,52,25
01-06-2021,32,PM2.5,Bangalore,2,25,7,32,14
01-07-2021,29,Ozone,Bangalore,2,29,6,25,16
01-08-2021,32,PM2.5,Bangalore,3,24,9,32,25
01-09-2021,33,Ozone,Bangalore,3,33,6,22,12
01-10-2021,39,PM2.5,Bangalore,5,31,9,39,29
01-11-2021,70,PM2.5,Bangalore,9,4,25,70,33
01-12-2021,61,PM2.5,Hyderabad,11,21,19,61,34
01/13/2021,69,PM2.5,Hyderabad,9,14,27,69,30
01/14/2021,93,PM2.5,Bangalore,7,5,38,93,27
01/15/2021,70,PM2.5,Hyderabad,.,28,25,70,18
01/16/2021,25,Ozone,Bangalore,5,25,6,22,17
01/17/2021,34,PM2.5,Hyderabad,5,26,9,34,16
01/18/2021,28,PM2.5,Hyderabad,5,24,7,28,25
01/19/2021,35,PM2.5,Bangalore,6,20,9,35,31
01/20/2021,41,PM2.5,Bangalore,6,32,9,41,29
01/21/2021,49,PM2.5,Hyderabad,8,14,16,49,36
01/22/2021,53,PM2.5,Bangalore,8,27,15,53,32
01/23/2021,32,Ozone,Bangalore,2,32,5,13,4
01/24/2021,35,Ozone,Bangalore,2,35,4,10,7
01/25/2021,33,NO2,Bangalore,2,32,7,23,33
01/26/2021,51,PM2.5,Bangalore,3,24,11,51,25
01/27/2021,51,PM2.5,Bangalore,3,25,10,51,14
01/28/2021,34,PM2.5,Bangalore,2,32,8,34,12
01/29/2021,30,Ozone,Bangalore,2,30,6,16,11
01/30/2021,34,Ozone,Bangalore,2,34,6,21,21
01/31/2021,44,PM2.5,Bangalore,3,27,10,44,20
02-01-2021,52,PM2.5,Bangalore,3,31,13,52,17
02-02-2021,32,Ozone,Bangalore,2,32,4,12,7
02-03-2021,35,Ozone,Bangalore,2,35,5,17,12
02-04-2021,48,NO2,Bangalore,8,36,11,23,48
02-05-2021,65,PM2.5,Hyderabad,11,26,24,65,42
02-06-2021,44,PM2.5,Hyderabad,11,35,25,44,35
02-07-2021,52,PM2.5,Bangalore,8,33,12,52,39
02-08-2021,40,PM2.5,Hyderabad,7,33,23,40,38
02-09-2021,67,PM2.5,Bangalore,7,17,21,67,39
02-10-2021,64,PM2.5,Bangalore,3,36,19,64,38
02-11-2021,49,PM2.5,Bangalore,.,38,12,49,20
02-12-2021,35,PM2.5,Bangalore,3,32,12,35,19
02/13/2021,39,PM2.5,Hyderabad,3,32,11,39,15
02/14/2021,46,PM2.5,Bangalore,3,32,17,46,20
02/15/2021,55,PM2.5,Bangalore,3,30,13,55,13
02/16/2021,42,PM2.5,Bangalore,5,30,8,42,26
02/17/2021,34,Ozone,Bangalore,2,34,7,21,14
02/18/2021,34,PM2.5,Hyderabad,2,30,9,34,12
02/19/2021,43,PM2.5,Bangalore,.,30,10,43,9
02/20/2021,40,Ozone,Bangalore,.,40,6,28,15
02/21/2021,42,NO2,Hyderabad,.,38,8,28,42
02/22/2021,59,PM2.5,Hyderabad,.,31,22,59,41
02/23/2021,57,PM2.5,Hyderabad,6,33,24,57,40
02/24/2021,39,PM2.5,Hyderabad,5,.,19,39,30
02/25/2021,38,Ozone,Bangalore,3,38,7,18,24
02/26/2021,72,NO2,Bangalore,5,39,12,36,72
02/27/2021,49,PM2.5,Hyderabad,8,20,10,49,32
02/28/2021,55,PM2.5,Bangalore,8,31,14,55,30
03-01-2021,43,PM2.5,Bangalore,3,37,10,43,28
03-02-2021,39,Ozone,Delhi,.,39,8,16,21
03-03-2021,44,PM2.5,Bangalore,5,39,15,44,38
03-04-2021,40,NO2,Bangalore,5,39,11,39,40
03-05-2021,41,Ozone,Visakhapatnam,2,41,6,13,5
03-06-2021,37,Ozone,Visakhapatnam,2,37,6,18,5
03-07-2021,39,Ozone,Delhi,2,39,6,20,14
03-08-2021,42,Ozone,Visakhapatnam,5,42,8,27,25
03-09-2021,52,PM2.5,Hyderabad,6,43,17,52,32
03-10-2021,54,PM2.5,Hyderabad,6,44,17,54,35
03-11-2021,74,Ozone,Visakhapatnam,6,74,29,69,30
03-12-2021,44,Ozone,Delhi,5,44,13,40,25
03/13/2021,38,Ozone,Delhi,3,38,9,21,29
03/14/2021,41,Ozone,Visakhapatnam,.,41,12,31,35
03/15/2021,40,Ozone,Visakhapatnam,2,40,9,22,8
03/16/2021,37,Ozone,Visakhapatnam,6,37,12,34,24
03/17/2021,56,PM2.5,Hyderabad,6,37,21,56,27
03/18/2021,58,PM2.5,Hyderabad,6,36,17,58,25
03/19/2021,39,Ozone,Visakhapatnam,2,39,13,27,25
03/20/2021,43,Ozone,Visakhapatnam,3,43,11,42,35
03/21/2021,52,PM2.5,Bangalore,.,46,13,52,32
03/22/2021,51,Ozone,Visakhapatnam,.,51,15,47,32
03/23/2021,47,Ozone,Visakhapatnam,.,47,14,42,31
03/24/2021,47,PM2.5,Hyderabad,.,44,17,47,26
03/25/2021,40,PM2.5,Hyderabad,.,39,12,40,27
03/26/2021,41,Ozone,Visakhapatnam,5,41,12,39,15
03/27/2021,44,Ozone,Delhi,5,44,6,25,14
03/28/2021,39,PM2.5,Hyderabad,5,36,11,39,15
03/29/2021,40,Ozone,Delhi,3,40,5,14,24
03/30/2021,49,Ozone,Visakhapatnam,6,49,12,33,34
03/31/2021,47,PM2.5,Hyderabad,5,43,17,47,31
04-01-2021,34,Ozone,Delhi,3,34,5,16,12
04-02-2021,32,Ozone,Delhi,2,32,6,21,8
04-03-2021,41,Ozone,Delhi,5,41,8,30,33
04-04-2021,53,PM2.5,Bangalore,9,44,15,53,31
04-05-2021,46,Ozone,Delhi,2,46,15,42,9
04-06-2021,40,Ozone,Delhi,2,40,9,24,10
04-07-2021,41,Ozone,Delhi,5,41,8,21,30
04-08-2021,44,Ozone,Delhi,5,44,13,31,26
04-09-2021,42,Ozone,Visakhapatnam,5,42,12,27,21
04-10-2021,44,Ozone,Visakhapatnam,5,44,14,41,12
04-11-2021,51,PM2.5,Hyderabad,5,35,14,51,8
04-12-2021,33,Ozone,Delhi,.,33,7,22,9
04/13/2021,42,Ozone,Delhi,2,42,9,25,11
04/14/2021,44,Ozone,Visakhapatnam,5,44,15,36,22
04/15/2021,44,PM2.5,Hyderabad,3,35,14,44,20
04/16/2021,33,Ozone,Bangalore,2,33,2,7,5
04/17/2021,32,Ozone,Delhi,3,32,6,19,19
04/18/2021,43,PM2.5,Bangalore,5,38,11,43,25
04/19/2021,44,Ozone,Visakhapatnam,6,44,16,40,27
04/20/2021,54,Ozone,Delhi,6,54,19,52,25
04/21/2021,44,Ozone,Bangalore,3,44,11,31,26
04/22/2021,41,Ozone,Visakhapatnam,2,41,6,17,7
04/23/2021,49,Ozone,Visakhapatnam,5,49,9,29,33
04/24/2021,80,Ozone,Delhi,7,80,21,53,29
04/25/2021,54,PM2.5,Hyderabad,5,54,16,54,13
04/26/2021,40,Ozone,Delhi,2,40,6,18,7
04/27/2021,48,Ozone,Delhi,5,48,11,29,26
04/28/2021,84,Ozone,Visakhapatnam,6,84,19,52,27
04/29/2021,62,PM2.5,Hyderabad,6,41,23,62,27
04/30/2021,37,Ozone,Delhi,3,37,7,16,17
05-01-2021,37,Ozone,Visakhapatnam,5,37,6,16,25
05-02-2021,49,Ozone,Delhi,6,49,13,33,12
05-03-2021,40,Ozone,Visakhapatnam,6,40,13,34,24
05-04-2021,38,Ozone,Visakhapatnam,3,38,8,28,10
05-05-2021,26,PM2.5,Hyderabad,3,26,7,26,20
05-06-2021,35,Ozone,Delhi,2,35,6,12,7
05-07-2021,43,Ozone,Delhi,5,43,8,21,22
05-08-2021,35,Ozone,Delhi,5,35,7,24,15
05-09-2021,39,Ozone,Delhi,3,39,7,27,11
05-10-2021,37,Ozone,Visakhapatnam,3,37,6,22,7
05-11-2021,37,Ozone,Delhi,3,37,7,15,17
05-12-2021,33,Ozone,Delhi,2,33,7,17,25
05/13/2021,40,Ozone,Delhi,6,40,17,36,33
05/14/2021,46,Ozone,Delhi,7,46,17,44,26
05/15/2021,50,Ozone,Delhi,.,50,17,46,27
05/16/2021,58,Ozone,Visakhapatnam,.,58,14,46,23
05/17/2021,58,Ozone,Visakhapatnam,.,58,15,44,26
05/18/2021,87,Ozone,Visakhapatnam,.,87,20,52,35
05/19/2021,52,PM2.5,Hyderabad,.,50,22,52,33
05/20/2021,50,Ozone,Visakhapatnam,5,50,19,41,25
05/21/2021,90,Ozone,Visakhapatnam,5,90,18,42,19
05/22/2021,74,Ozone,Delhi,5,74,21,52,19
05/23/2021,41,Ozone,Delhi,.,41,15,38,8
05/24/2021,42,Ozone,Visakhapatnam,.,42,15,29,16
05/25/2021,49,PM2.5,Hyderabad,.,48,22,49,15
05/26/2021,101,Ozone,Visakhapatnam,.,101,24,58,20
05/27/2021,36,PM2.5,Hyderabad,.,36,15,36,12
05/28/2021,34,Ozone,Delhi,.,34,11,23,7
05/29/2021,33,Ozone,Visakhapatnam,2,33,5,16,3
05/30/2021,24,Ozone,Delhi,1,24,6,18,3
05/31/2021,20,Ozone,Delhi,.,20,6,18,20
06-01-2021,54,Ozone,Visakhapatnam,.,54,16,46,20
06-02-2021,64,Ozone,Visakhapatnam,.,64,17,51,22
06-03-2021,39,PM2.5,Hyderabad,5,29,11,39,17
06-04-2021,47,PM2.5,Hyderabad,3,39,14,47,17
06-05-2021,151,Ozone,Delhi,.,151,19,52,20
06-06-2021,101,Ozone,Delhi,.,101,21,60,24
06-07-2021,112,Ozone,Bangalore,7,112,23,65,22
06-08-2021,55,PM2.5,Bangalore,6,51,19,55,21
06-09-2021,46,PM2.5,Bangalore,5,33,16,46,21
06-10-2021,44,PM2.5,Bangalore,.,38,19,44,9
06-11-2021,43,PM2.5,Hyderabad,.,40,16,43,15
06-12-2021,37,Ozone,Bangalore,.,37,12,33,11
06/13/2021,50,Ozone,Delhi,5,50,13,41,10
06/14/2021,32,PM2.5,Hyderabad,5,31,13,32,20
06/15/2021,44,Ozone,Delhi,5,44,12,33,15
06/16/2021,36,Ozone,Delhi,2,36,11,26,6
06/17/2021,40,Ozone,Delhi,.,40,12,31,25
06/18/2021,119,Ozone,Delhi,.,119,20,41,23
06/19/2021,71,Ozone,Delhi,.,71,19,53,24
06/20/2021,87,Ozone,Delhi,.,87,14,51,11
06/21/2021,58,PM2.5,Hyderabad,.,31,21,58,13
06/22/2021,28,PM2.5,Bangalore,3,28,11,28,14
06/23/2021,31,Ozone,Delhi,1,31,8,24,20
06/24/2021,37,Ozone,Delhi,.,37,11,29,17
06/25/2021,38,Ozone,Delhi,5,38,9,32,14
06/26/2021,44,PM2.5,Hyderabad,3,24,16,44,7
06/27/2021,55,PM2.5,Bangalore,5,38,21,55,7
06/28/2021,105,Ozone,Delhi,3,105,20,54,16
06/29/2021,112,Ozone,Delhi,.,112,19,53,19
06/30/2021,126,Ozone,Delhi,5,126,15,43,18
07-01-2021,37,Ozone,Delhi,3,37,11,32,17
07-02-2021,30,Ozone,Delhi,3,30,6,16,12
07-03-2021,12,PM2.5,Hyderabad,1,12,5,12,5
07-04-2021,58,PM2.5,Hyderabad,5,19,17,58,16
07-05-2021,63,PM2.5,Hyderabad,6,35,21,63,12
07-06-2021,122,Ozone,Delhi,6,122,20,60,22
07-07-2021,97,Ozone,Delhi,6,97,22,63,25
07-08-2021,52,PM2.5,Hyderabad,3,31,17,52,16
07-09-2021,29,Ozone,Delhi,5,29,8,22,13
07-10-2021,37,PM2.5,Bangalore,5,31,13,37,13
07-11-2021,48,PM2.5,Bangalore,3,33,14,48,8
07-12-2021,32,Ozone,Delhi,.,32,9,25,9
07/13/2021,43,PM2.5,Hyderabad,3,26,14,43,13
07/14/2021,43,Ozone,Delhi,6,43,13,37,16
07/15/2021,80,Ozone,Delhi,5,80,14,43,21
07/16/2021,119,Ozone,Delhi,.,119,22,58,26
07/17/2021,58,PM2.5,Bangalore,.,58,23,58,26
07/18/2021,41,Ozone,Delhi,.,41,9,29,11
07/19/2021,20,Ozone,Bangalore,.,20,8,18,16
07/20/2021,122,PM2.5,Hyderabad,9,43,53,122,18
07/21/2021,66,PM2.5,Bangalore,9,45,23,66,18
07/22/2021,51,PM2.5,Bangalore,2,33,14,51,8
07/23/2021,52,PM2.5,Hyderabad,.,34,16,52,20
07/24/2021,53,PM2.5,Bangalore,.,41,16,53,11
07/25/2021,58,PM2.5,Hyderabad,.,41,19,58,13
07/26/2021,136,PM2.5,Hyderabad,7,67,55,136,22
07/27/2021,97,PM2.5,Bangalore,8,84,43,97,22
07/28/2021,58,PM2.5,Bangalore,5,34,19,58,12
07/29/2021,55,PM2.5,Hyderabad,5,40,17,55,16
07/30/2021,45,PM2.5,Hyderabad,5,39,12,45,11
07/31/2021,31,PM2.5,Hyderabad,.,30,9,31,18
08-01-2021,44,Ozone,Delhi,5,44,13,42,15
08-02-2021,39,PM2.5,Bangalore,3,33,10,39,13
08-03-2021,42,PM2.5,Hyderabad,6,34,14,42,21
08-04-2021,49,PM2.5,Hyderabad,6,37,15,49,23
08-05-2021,35,Ozone,Visakhapatnam,5,35,9,33,17
08-06-2021,101,Ozone,Delhi,6,101,18,56,19
08-07-2021,100,Ozone,Delhi,7,100,19,58,17
08-08-2021,52,PM2.5,Hyderabad,5,47,13,52,13
08-09-2021,59,PM2.5,Hyderabad,5,42,19,59,15
08-10-2021,56,PM2.5,Hyderabad,6,40,18,56,18
08-11-2021,97,Ozone,Bangalore,6,97,19,57,18
08-12-2021,129,Ozone,Delhi,6,129,19,53,23
08/13/2021,87,Ozone,Delhi,6,87,19,53,19
08/14/2021,51,PM2.5,Hyderabad,7,37,15,51,16
08/15/2021,38,Ozone,Delhi,.,38,11,33,8
08/16/2021,43,Ozone,Delhi,5,43,12,37,17
08/17/2021,43,Ozone,Visakhapatnam,6,43,15,40,19
08/18/2021,40,PM2.5,Hyderabad,6,37,18,40,20
08/19/2021,30,Ozone,Delhi,6,30,10,28,16
08/20/2021,28,Ozone,Delhi,5,28,7,17,14
08/21/2021,43,Ozone,Delhi,3,43,11,33,12
08/22/2021,32,Ozone,Visakhapatnam,.,32,9,20,8
08/23/2021,53,PM2.5,Bangalore,.,34,25,53,21
08/24/2021,46,PM2.5,Bangalore,.,29,20,46,20
08/25/2021,66,PM2.5,Bangalore,.,64,27,66,21
08/26/2021,129,Ozone,Delhi,8,129,32,71,27
08/27/2021,77,Ozone,Delhi,7,77,27,66,25
08/28/2021,33,PM2.5,Bangalore,3,27,14,33,7
08/29/2021,38,PM2.5,Bangalore,6,26,13,38,10
08/30/2021,84,Ozone,Delhi,7,84,18,54,20
08/31/2021,51,PM2.5,Bangalore,6,39,17,51,22
09-01-2021,44,PM2.5,Bangalore,6,31,13,44,21
09-02-2021,31,Ozone,Delhi,3,31,8,22,6
09-03-2021,22,PM2.5,Bangalore,3,19,9,22,11
09-04-2021,28,PM2.5,Bangalore,3,25,8,28,15
09-05-2021,36,PM2.5,Hyderabad,.,30,11,36,13
09-06-2021,45,PM2.5,Bangalore,.,41,14,45,12
09-07-2021,39,Ozone,Delhi,.,39,10,29,9
09-08-2021,48,Ozone,Visakhapatnam,7,48,17,46,25
09-09-2021,46,PM2.5,Hyderabad,6,34,15,46,12
09-10-2021,27,PM2.5,Bangalore,5,27,11,27,8
09-11-2021,45,Ozone,Delhi,6,45,11,37,15
09-12-2021,74,Ozone,Delhi,6,74,16,52,21
09/13/2021,43,PM2.5,Bangalore,6,43,15,43,19
09/14/2021,39,Ozone,Delhi,6,39,13,34,18
09/15/2021,61,PM2.5,Bangalore,6,50,23,61,24
09/16/2021,40,Ozone,Visakhapatnam,5,40,12,39,15
09/17/2021,43,PM2.5,Bangalore,3,28,14,43,8
09/18/2021,40,PM2.5,Bangalore,3,38,11,40,17
09/19/2021,41,PM2.5,Bangalore,5,27,14,41,18
09/20/2021,34,PM2.5,Bangalore,5,30,13,34,19
09/21/2021,31,PM2.5,Hyderabad,.,30,13,31,19
09/22/2021,35,PM2.5,Hyderabad,.,33,15,35,17
09/23/2021,41,PM2.5,Bangalore,5,36,19,41,21
09/24/2021,31,PM2.5,Hyderabad,6,31,12,31,22
09/25/2021,50,PM2.5,Bangalore,7,37,17,50,23
09/26/2021,35,PM2.5,Bangalore,7,34,12,35,16
09/27/2021,50,Ozone,Delhi,6,50,19,34,21
09/28/2021,46,PM2.5,Hyderabad,6,30,19,46,25
09/29/2021,26,Ozone,Delhi,3,26,10,23,14
09/30/2021,22,PM2.5,Bangalore,3,15,8,22,13
10-01-2021,34,PM2.5,Bangalore,7,20,12,34,19
10-02-2021,42,PM2.5,Bangalore,8,33,13,42,21
10-03-2021,48,PM2.5,Bangalore,7,28,14,48,15
10-04-2021,17,Ozone,Bangalore,3,17,6,16,8
10-05-2021,21,PM2.5,Bangalore,2,18,8,21,8
10-06-2021,30,PM2.5,Hyderabad,6,28,13,30,24
10-07-2021,36,PM2.5,Hyderabad,7,23,11,36,24
10-08-2021,48,PM2.5,Bangalore,7,31,15,48,22
10-09-2021,52,PM2.5,Bangalore,3,26,19,52,7
10-10-2021,39,PM2.5,Bangalore,2,26,16,39,6
10-11-2021,34,PM2.5,Hyderabad,5,29,12,34,20
10-12-2021,51,PM2.5,Bangalore,6,27,15,51,25
10/13/2021,48,PM2.5,Bangalore,6,20,14,48,20
10/14/2021,47,PM2.5,Hyderabad,7,25,17,47,22
10/15/2021,48,PM2.5,Hyderabad,9,33,18,48,20
10/16/2021,42,Ozone,Bangalore,6,42,15,39,13
10/17/2021,23,Ozone,Bangalore,2,23,7,18,10
10/18/2021,24,Ozone,Bangalore,3,24,6,17,21
10/19/2021,30,Ozone,Bangalore,6,30,8,22,30
10/20/2021,41,PM2.5,Bangalore,8,41,21,41,36
10/21/2021,52,PM2.5,Hyderabad,9,50,20,52,27
10/22/2021,47,PM2.5,Bangalore,5,30,15,47,25
10/23/2021,24,Ozone,Bangalore,.,24,6,22,8
10/24/2021,33,PM2.5,Hyderabad,5,24,8,33,15
10/25/2021,45,PM2.5,Bangalore,5,14,13,45,13
10/26/2021,30,Ozone,Bangalore,2,30,6,15,9
10/27/2021,25,Ozone,Bangalore,3,25,8,24,18
10/28/2021,33,PM2.5,Hyderabad,5,28,10,33,21
10/29/2021,47,PM2.5,Bangalore,5,28,13,47,14
10/30/2021,33,PM2.5,Hyderabad,5,22,12,33,22
10/31/2021,28,Ozone,Bangalore,6,28,8,23,17
11-01-2021,30,Ozone,Bangalore,6,30,8,24,25
11-02-2021,34,PM2.5,Hyderabad,7,26,11,34,22
11-03-2021,36,PM2.5,Bangalore,8,30,10,36,25
11-04-2021,46,PM2.5,Bangalore,6,22,13,46,27
11-05-2021,52,PM2.5,Bangalore,7,25,14,52,30
11-06-2021,61,PM2.5,Bangalore,10,28,19,61,32
11-07-2021,73,PM2.5,Bangalore,11,27,29,73,35
11-08-2021,66,PM2.5,Bangalore,11,30,25,66,36
11-09-2021,68,PM2.5,Hyderabad,13,31,28,68,34
11-10-2021,58,PM2.5,Bangalore,7,33,19,58,30
11-11-2021,39,PM2.5,Hyderabad,8,31,15,39,28
11-12-2021,41,PM2.5,Hyderabad,6,35,15,41,30
11/13/2021,35,PM2.5,Hyderabad,8,32,10,35,15
11/14/2021,26,PM2.5,Hyderabad,6,18,6,26,16
11/15/2021,32,PM2.5,Hyderabad,6,19,7,32,20
11/16/2021,25,NO2,Hyderabad,8,22,6,22,25
11/17/2021,48,PM2.5,Bangalore,10,25,12,48,29
11/18/2021,62,PM2.5,Hyderabad,11,35,22,62,28
11/19/2021,23,Ozone,Bangalore,3,23,6,21,15
11/20/2021,27,PM2.5,Bangalore,6,23,6,27,24
11/21/2021,43,PM2.5,Hyderabad,7,27,11,43,26
11/22/2021,32,PM2.5,Hyderabad,5,24,9,32,25
11/23/2021,29,Ozone,Bangalore,.,29,5,14,22
11/24/2021,30,Ozone,Bangalore,6,30,8,23,30
11/25/2021,56,PM2.5,Bangalore,8,19,15,56,28
11/26/2021,52,PM2.5,Bangalore,7,21,11,52,25
11/27/2021,30,Ozone,Bangalore,2,30,3,9,15
11/28/2021,40,PM2.5,Hyderabad,6,24,8,40,25
11/29/2021,55,PM2.5,Bangalore,7,28,12,55,17
11/30/2021,46,PM2.5,Bangalore,6,17,11,46,32
12-01-2021,59,PM2.5,Bangalore,8,24,16,59,35
12-02-2021,63,PM2.5,Bangalore,10,21,21,63,32
12-03-2021,31,Ozone,Bangalore,5,31,4,14,25
12-04-2021,53,PM2.5,Hyderabad,8,15,13,53,30
12-05-2021,54,PM2.5,Bangalore,8,28,13,54,28
12-06-2021,59,PM2.5,Bangalore,5,35,17,59,25
12-07-2021,27,Ozone,Bangalore,.,27,6,22,27
12-08-2021,56,PM2.5,Bangalore,.,16,15,56,25
12-09-2021,53,PM2.5,Bangalore,.,26,12,53,28
12-10-2021,62,PM2.5,Bangalore,7,15,20,62,28
12-11-2021,63,PM2.5,Bangalore,7,30,19,63,23
12-12-2021,32,Ozone,Bangalore,6,32,5,16,27
12/13/2021,29,PM2.5,Bangalore,7,20,11,29,29
12/14/2021,32,PM2.5,Bangalore,6,27,9,32,32
12/15/2021,54,PM2.5,Bangalore,7,19,18,54,34
12/16/2021,53,PM2.5,Hyderabad,6,21,20,53,28
12/17/2021,36,Ozone,Bangalore,6,36,11,33,23
12/18/2021,41,PM2.5,Bangalore,3,20,9,41,14
12/19/2021,30,Ozone,Bangalore,2,30,5,20,7
12/20/2021,34,PM2.5,Hyderabad,6,22,9,34,30
12/21/2021,59,PM2.5,Hyderabad,10,.,19,59,32
12/22/2021,55,PM2.5,Bangalore,10,.,13,55,22
12/23/2021,33,Ozone,Bangalore,2,33,5,12,14
12/24/2021,43,PM2.5,Bangalore,3,26,9,43,16
12/25/2021,68,PM2.5,Bangalore,5,13,19,68,19
12/26/2021,36,PM2.5,Bangalore,5,29,7,36,16
12/27/2021,27,PM2.5,Hyderabad,5,19,7,27,23
12/28/2021,53,PM2.5,Bangalore,5,.,13,53,23
12/29/2021,63,PM2.5,Bangalore,3,.,16,63,21
12/30/2021,59,PM2.5,Bangalore,.,.,17,59,19
12/31/2021,66,PM2.5,Hyderabad,7,.,22,66,21
01-01-2022,55,PM2.5,Hyderabad,.,.,16,55,20
01-02-2022,33,PM2.5,Hyderabad,.,.,8,33,16
01-03-2022,22,PM2.5,Bangalore,2,.,6,22,7
01-04-2022,34,NO2,Hyderabad,6,.,10,33,34
01-05-2022,59,PM2.5,Hyderabad,7,.,19,59,33
01-06-2022,56,PM2.5,Bangalore,8,.,16,56,24
01-07-2022,39,PM2.5,Bangalore,3,28,9,39,13
01-08-2022,40,PM2.5,Hyderabad,7,31,19,40,39
01-09-2022,58,PM2.5,Hyderabad,8,30,23,58,35
01-10-2022,32,Ozone,Bangalore,3,32,8,26,24
01-11-2022,32,PM2.5,Bangalore,3,31,10,32,32
01-12-2022,58,PM2.5,Hyderabad,7,23,23,58,35
01/13/2022,75,PM2.5,Hyderabad,14,7,33,75,40
01/14/2022,61,PM2.5,Bangalore,13,32,18,61,30
01/15/2022,31,Ozone,Bangalore,2,31,8,30,11
01/16/2022,54,PM2.5,Bangalore,2,31,14,54,22
01/17/2022,39,PM2.5,Hyderabad,.,33,12,39,27
01/18/2022,35,Ozone,Bangalore,2,35,7,17,11
01/19/2022,53,PM2.5,Hyderabad,6,28,26,53,36
01/20/2022,42,PM2.5,Hyderabad,6,31,14,42,33
01/21/2022,35,PM2.5,Bangalore,2,31,11,35,20
01/22/2022,53,PM2.5,Bangalore,.,30,15,53,34
01/23/2022,66,PM2.5,Hyderabad,.,26,40,66,31
01/24/2022,63,PM2.5,Hyderabad,.,31,26,63,27
01/25/2022,73,PM2.5,Hyderabad,8,31,43,73,35
01/26/2022,35,Ozone,Bangalore,2,35,8,23,17
01/27/2022,53,PM2.5,Hyderabad,7,28,22,53,37
01/28/2022,80,PM2.5,Hyderabad,7,25,34,80,33
01/29/2022,47,PM2.5,Bangalore,6,35,15,47,8
01/30/2022,42,NO2,Hyderabad,6,36,13,32,42
01/31/2022,72,PM2.5,Hyderabad,11,25,55,72,49
02-01-2022,77,PM2.5,Bangalore,11,.,32,77,44
02-02-2022,64,PM2.5,Hyderabad,.,20,40,64,38
02-03-2022,59,PM2.5,Hyderabad,9,17,24,59,34
02-04-2022,27,Ozone,Bangalore,8,27,5,21,27
02-05-2022,35,Ozone,Bangalore,2,35,7,27,6
02-06-2022,35,Ozone,Bangalore,5,35,14,34,30
02-07-2022,63,PM2.5,Bangalore,6,18,18,63,32
02-08-2022,47,PM2.5,Bangalore,.,34,9,47,15
02-09-2022,54,PM2.5,Hyderabad,6,25,17,54,37
02-10-2022,58,PM2.5,Hyderabad,10,34,20,58,34
02-11-2022,46,PM2.5,Hyderabad,9,38,19,46,40
02-12-2022,38,Ozone,Bangalore,5,38,13,34,24
02/13/2022,33,PM2.5,Bangalore,.,30,7,33,8
02/14/2022,38,Ozone,Bangalore,2,38,8,24,7
02/15/2022,36,NO2,Hyderabad,6,34,12,35,36
02/16/2022,55,PM2.5,Hyderabad,10,37,21,55,39
02/17/2022,40,PM2.5,Hyderabad,5,37,18,40,21
02/18/2022,38,Ozone,Bangalore,3,38,6,18,8
02/19/2022,36,Ozone,Bangalore,3,36,10,30,26
02/20/2022,37,Ozone,Bangalore,5,37,14,29,20
02/21/2022,53,PM2.5,Hyderabad,6,29,23,53,33
02/22/2022,59,PM2.5,Bangalore,7,36,19,59,38
02/23/2022,47,PM2.5,Hyderabad,5,31,17,47,22
02/24/2022,31,Ozone,Bangalore,2,31,8,27,9
02/25/2022,34,Ozone,Bangalore,3,34,7,29,15
02/26/2022,42,PM2.5,Hyderabad,5,40,21,42,29
02/27/2022,52,PM2.5,Hyderabad,7,44,21,52,41
02/28/2022,40,Ozone,Bangalore,2,40,9,24,33
03-01-2022,49,PM2.5,Hyderabad,6,44,22,49,40
03-02-2022,56,PM2.5,Bangalore,6,41,16,56,40
03-03-2022,41,Ozone,Bangalore,6,41,9,39,20
03-04-2022,40,Ozone,Visakhapatnam,3,40,9,29,39
03-05-2022,59,PM2.5,Bangalore,8,40,19,59,36
03-06-2022,68,PM2.5,Bangalore,6,38,23,68,24
03-07-2022,55,PM2.5,Hyderabad,6,34,22,55,23
03-08-2022,42,Ozone,Bangalore,3,42,5,15,29
03-09-2022,50,PM2.5,Bangalore,6,33,12,50,38
03-10-2022,59,PM2.5,Bangalore,7,42,20,59,35
03-11-2022,65,PM2.5,Bangalore,8,45,25,65,34
03-12-2022,40,Ozone,Bangalore,.,40,8,32,27
03/13/2022,40,Ozone,Visakhapatnam,3,40,13,29,14
03/14/2022,52,PM2.5,Hyderabad,5,44,21,52,35
03/15/2022,49,Ozone,Visakhapatnam,6,49,20,47,30
03/16/2022,58,PM2.5,Hyderabad,5,49,19,58,18
03/17/2022,80,PM2.5,Bangalore,5,42,31,80,17
03/18/2022,61,Ozone,Delhi,8,61,24,60,27
03/19/2022,53,PM2.5,Hyderabad,6,40,18,53,19
03/20/2022,31,Ozone,Bangalore,5,31,7,27,14
03/21/2022,43,Ozone,Bangalore,2,43,6,14,11
03/22/2022,44,Ozone,Delhi,2,44,7,14,8
03/23/2022,34,Ozone,Visakhapatnam,5,34,10,20,29
03/24/2022,33,Ozone,Visakhapatnam,3,33,5,18,17
03/25/2022,35,Ozone,Visakhapatnam,5,35,8,20,24
03/26/2022,30,Ozone,Bangalore,5,30,8,27,16
03/27/2022,28,Ozone,Bangalore,3,28,3,12,11
03/28/2022,34,Ozone,Bangalore,2,34,6,15,3
03/29/2022,38,Ozone,Bangalore,2,38,6,18,8
03/30/2022,40,Ozone,Bangalore,.,40,9,23,21
03/31/2022,57,PM2.5,Hyderabad,5,44,21,57,31
04-01-2022,34,Ozone,Visakhapatnam,2,34,6,19,18
04-02-2022,43,Ozone,Bangalore,3,43,6,24,31
04-03-2022,53,PM2.5,Bangalore,7,42,13,53,29
04-04-2022,41,Ozone,Bangalore,2,41,6,23,10
04-05-2022,42,Ozone,Visakhapatnam,7,42,14,41,31
04-06-2022,40,Ozone,Bangalore,3,40,8,36,13
04-07-2022,42,Ozone,Delhi,3,42,12,32,17
04-08-2022,44,Ozone,Delhi,5,44,6,17,22
04-09-2022,40,Ozone,Bangalore,5,40,10,32,21
04-10-2022,31,Ozone,Bangalore,3,31,4,18,20
04-11-2022,38,Ozone,Visakhapatnam,5,38,6,17,21
04-12-2022,44,Ozone,Bangalore,5,44,12,32,26
04/13/2022,64,Ozone,Bangalore,7,64,17,43,36
04/14/2022,61,Ozone,Bangalore,5,61,19,54,24
04/15/2022,51,Ozone,Visakhapatnam,3,51,11,22,25
04/16/2022,48,Ozone,Delhi,3,48,11,27,14
04/17/2022,31,Ozone,Bangalore,.,31,3,12,6
04/18/2022,36,Ozone,Visakhapatnam,5,36,7,18,25
04/19/2022,33,Ozone,Delhi,3,33,5,14,18
04/20/2022,37,Ozone,Bangalore,3,37,5,13,16
04/21/2022,45,Ozone,Visakhapatnam,5,45,10,27,30
04/22/2022,43,Ozone,Bangalore,3,43,10,27,30
04/23/2022,45,Ozone,Visakhapatnam,3,45,10,31,25
04/24/2022,44,Ozone,Bangalore,3,44,10,28,13
04/25/2022,44,Ozone,Bangalore,3,44,12,29,22
04/26/2022,36,Ozone,Visakhapatnam,5,36,10,32,26
04/27/2022,32,Ozone,Bangalore,3,32,6,21,15
04/28/2022,44,Ozone,Bangalore,2,44,8,16,6
04/29/2022,47,Ozone,Bangalore,2,47,11,24,15
04/30/2022,42,Ozone,Bangalore,3,42,9,29,27
05-01-2022,48,Ozone,Bangalore,5,48,11,33,23
05-02-2022,48,Ozone,Bangalore,5,48,14,41,25
05-03-2022,35,Ozone,Delhi,5,35,8,27,25
05-04-2022,36,PM2.5,Hyderabad,5,30,11,36,25
05-05-2022,43,Ozone,Visakhapatnam,5,43,10,31,35
05-06-2022,44,Ozone,Visakhapatnam,6,44,14,41,30
05-07-2022,43,Ozone,Bangalore,5,43,11,31,13
05-08-2022,43,Ozone,Bangalore,2,43,9,25,10
05-09-2022,67,Ozone,Bangalore,2,67,13,29,8
05-10-2022,50,Ozone,Bangalore,2,50,12,26,13
05-11-2022,49,Ozone,Bangalore,2,49,11,28,9
05-12-2022,36,Ozone,Bangalore,5,36,9,20,18
05/13/2022,29,Ozone,Visakhapatnam,5,29,8,24,16
05/14/2022,32,Ozone,Visakhapatnam,5,32,9,28,10
05/15/2022,45,Ozone,Bangalore,5,45,9,24,14
05/16/2022,44,PM2.5,Bangalore,5,43,16,44,16
05/17/2022,41,Ozone,Delhi,3,41,10,21,21
05/18/2022,44,Ozone,Bangalore,3,44,9,24,22
05/19/2022,35,PM2.5,Hyderabad,5,35,13,35,20
05/20/2022,52,PM2.5,Hyderabad,6,48,16,52,21
05/21/2022,77,Ozone,Visakhapatnam,7,77,19,58,18
05/22/2022,87,Ozone,Delhi,7,87,24,64,14
05/23/2022,35,Ozone,Delhi,3,35,11,17,7
05/24/2022,32,Ozone,Bangalore,5,32,9,19,17
05/25/2022,39,Ozone,Bangalore,3,39,12,24,18
05/26/2022,36,Ozone,Bangalore,.,36,14,31,18
05/27/2022,36,PM2.5,Hyderabad,.,30,13,36,18
05/28/2022,31,Ozone,Delhi,.,31,13,29,16
05/29/2022,41,Ozone,Bangalore,5,41,14,36,11
05/30/2022,87,Ozone,Delhi,5,87,15,51,15
05/31/2022,64,Ozone,Bangalore,5,64,20,55,27
06-01-2022,28,PM2.5,Hyderabad,5,27,12,28,17
06-02-2022,47,PM2.5,Bangalore,6,31,15,47,25
06-03-2022,46,PM2.5,Hyderabad,6,42,16,46,21
06-04-2022,51,Ozone,Bangalore,5,51,15,41,18
06-05-2022,43,Ozone,Bangalore,3,43,11,26,27
06-06-2022,80,Ozone,Bangalore,5,80,15,34,25
06-07-2022,41,Ozone,Bangalore,.,41,18,31,27
06-08-2022,40,Ozone,Bangalore,3,40,11,31,20
06-09-2022,45,Ozone,Delhi,3,45,10,28,19
06-10-2022,38,Ozone,Delhi,3,38,9,31,21
06-11-2022,44,Ozone,Delhi,5,44,13,43,21
06-12-2022,48,PM2.5,Bangalore,5,46,12,48,14
06/13/2022,46,Ozone,Delhi,3,46,19,42,17
06/14/2022,38,Ozone,Delhi,2,38,11,36,14
06/15/2022,38,Ozone,Bangalore,5,38,11,34,18
06/16/2022,31,Ozone,Bangalore,5,31,10,27,18
06/17/2022,48,PM2.5,Bangalore,3,48,18,48,18
06/18/2022,29,Ozone,Bangalore,.,29,10,17,8
06/19/2022,31,Ozone,Bangalore,.,31,10,22,7
06/20/2022,35,Ozone,Bangalore,.,35,11,34,25
06/21/2022,51,PM2.5,Hyderabad,5,40,16,51,25
06/22/2022,52,PM2.5,Hyderabad,5,39,16,52,31
06/23/2022,39,Ozone,Delhi,5,39,12,36,18
06/24/2022,77,Ozone,Delhi,6,77,14,44,24
06/25/2022,61,Ozone,Delhi,6,61,16,53,19
06/26/2022,112,Ozone,Bangalore,6,112,19,59,16
06/27/2022,40,PM2.5,Hyderabad,6,31,16,40,22
06/28/2022,34,Ozone,Delhi,3,34,10,22,20
06/29/2022,84,Ozone,Delhi,5,84,12,33,21
06/30/2022,67,Ozone,Delhi,.,67,12,40,25
07-01-2022,136,Ozone,Bangalore,6,136,22,60,26
07-02-2022,51,Ozone,Delhi,5,51,14,49,12
07-03-2022,38,PM2.5,Bangalore,3,35,12,38,10
07-04-2022,54,PM2.5,Hyderabad,3,36,15,54,17
07-05-2022,62,PM2.5,Hyderabad,5,61,24,62,25
07-06-2022,39,Ozone,Delhi,.,39,11,34,19
07-07-2022,33,Ozone,Bangalore,5,33,11,32,13
07-08-2022,101,Ozone,Delhi,3,101,14,42,19
07-09-2022,41,Ozone,Delhi,.,41,14,36,12
07-10-2022,44,Ozone,Delhi,.,44,10,28,13
07-11-2022,90,Ozone,Bangalore,.,90,16,44,21
07-12-2022,71,Ozone,Bangalore,.,71,17,43,18
07/13/2022,64,Ozone,Delhi,.,64,12,42,19
07/14/2022,47,Ozone,Delhi,2,47,13,45,14
07/15/2022,49,Ozone,Delhi,3,49,13,44,15
07/16/2022,46,PM2.5,Hyderabad,6,42,12,46,17
07/17/2022,58,Ozone,Bangalore,6,58,13,52,14
07/18/2022,50,PM2.5,Hyderabad,5,31,16,50,21
07/19/2022,49,PM2.5,Bangalore,5,47,14,49,28
07/20/2022,71,Ozone,Delhi,5,71,19,58,25
07/21/2022,64,Ozone,Delhi,5,64,23,60,25
07/22/2022,100,Ozone,Delhi,6,100,19,58,24
07/23/2022,90,Ozone,Delhi,6,90,18,55,17
07/24/2022,101,Ozone,Delhi,6,101,19,57,13
07/25/2022,57,PM2.5,Bangalore,5,49,20,57,22
07/26/2022,32,Ozone,Bangalore,2,32,12,29,17
07/27/2022,67,Ozone,Delhi,5,67,12,36,27
07/28/2022,61,Ozone,Bangalore,5,61,16,55,25
07/29/2022,80,Ozone,Delhi,5,80,15,46,21
07/30/2022,32,Ozone,Delhi,5,32,10,29,10
07/31/2022,45,Ozone,Delhi,3,45,8,28,12
08-01-2022,43,Ozone,Bangalore,3,43,11,35,22
08-02-2022,108,Ozone,Delhi,.,108,15,52,20
08-03-2022,51,Ozone,Delhi,5,51,11,37,8
08-04-2022,147,Ozone,Delhi,6,147,19,54,25
08-05-2022,133,Ozone,Delhi,6,133,19,55,25
08-06-2022,100,Ozone,Bangalore,6,100,13,46,17
08-07-2022,43,Ozone,Bangalore,3,43,13,38,16
08-08-2022,48,Ozone,Delhi,3,48,15,38,20
08-09-2022,54,Ozone,Delhi,.,54,13,39,19
08-10-2022,40,Ozone,Delhi,2,40,10,26,12
08-11-2022,47,Ozone,Delhi,2,47,12,34,19
08-12-2022,35,Ozone,Delhi,2,35,10,26,8
08/13/2022,29,Ozone,Delhi,2,29,10,26,12
08/14/2022,42,Ozone,Bangalore,5,42,10,36,17
08/15/2022,50,Ozone,Bangalore,5,50,12,33,25
08/16/2022,41,Ozone,Bangalore,.,41,12,33,25
08/17/2022,37,PM2.5,Bangalore,.,27,10,37,17
08/18/2022,40,PM2.5,Bangalore,.,31,12,40,20
08/19/2022,67,Ozone,Delhi,5,67,16,51,25
08/20/2022,97,Ozone,Bangalore,6,97,17,55,18
08/21/2022,47,PM2.5,Bangalore,6,47,12,47,15
08/22/2022,33,PM2.5,Hyderabad,3,31,10,33,17
08/23/2022,40,Ozone,Delhi,5,40,11,32,28
08/24/2022,43,Ozone,Delhi,6,43,10,29,28
08/25/2022,46,PM2.5,Hyderabad,5,46,15,46,25
08/26/2022,54,PM2.5,Hyderabad,.,51,18,54,25
08/27/2022,49,PM2.5,Hyderabad,3,41,13,49,17
08/28/2022,44,PM2.5,Hyderabad,5,35,12,44,13
08/29/2022,54,Ozone,Bangalore,5,54,14,48,24
08/30/2022,41,Ozone,Visakhapatnam,5,41,12,39,21
08/31/2022,37,Ozone,Delhi,2,37,10,29,27
09-01-2022,35,Ozone,Delhi,.,35,11,29,19
09-02-2022,37,Ozone,Bangalore,6,37,8,21,21
09-03-2022,38,Ozone,Bangalore,6,38,9,26,17
09-04-2022,50,Ozone,Bangalore,5,50,11,35,18
09-05-2022,34,PM2.5,Bangalore,5,28,12,34,11
09-06-2022,24,Ozone,Visakhapatnam,2,24,6,13,13
09-07-2022,26,Ozone,Bangalore,.,26,8,24,8
09-08-2022,38,Ozone,Delhi,.,38,11,32,26
09-09-2022,41,PM2.5,Hyderabad,.,34,14,41,29
09-10-2022,53,PM2.5,Hyderabad,7,49,17,53,25
09-11-2022,52,PM2.5,Hyderabad,7,33,15,52,19
09-12-2022,34,Ozone,Bangalore,6,34,8,26,25
09/13/2022,32,Ozone,Delhi,6,32,10,27,21
09/14/2022,44,PM2.5,Hyderabad,2,35,13,44,25
09/15/2022,28,Ozone,Delhi,.,28,8,24,13
09/16/2022,31,Ozone,Delhi,3,31,8,21,15
09/17/2022,34,Ozone,Bangalore,5,34,9,26,17
09/18/2022,87,Ozone,Delhi,5,87,15,52,19
09/19/2022,71,Ozone,Bangalore,5,71,19,56,30
09/20/2022,32,PM2.5,Hyderabad,.,28,11,32,19
09/21/2022,36,Ozone,Delhi,.,36,10,21,22
09/22/2022,36,Ozone,Delhi,.,36,11,34,25
09/23/2022,28,Ozone,Bangalore,.,28,6,8,5
09/24/2022,28,PM2.5,Hyderabad,6,26,8,28,21
09/25/2022,46,PM2.5,Hyderabad,8,41,14,46,16
09/26/2022,38,Ozone,Delhi,5,38,11,34,25
09/27/2022,33,PM2.5,Hyderabad,6,31,12,33,24
09/28/2022,25,Ozone,Delhi,3,25,7,21,17
09/29/2022,23,Ozone,Delhi,2,23,7,21,9
09/30/2022,32,PM2.5,Hyderabad,2,21,11,32,17
10-01-2022,30,PM2.5,Hyderabad,.,25,8,30,12
10-02-2022,24,Ozone,Bangalore,2,24,8,18,4
10-03-2022,25,Ozone,Bangalore,2,25,8,18,7
10-04-2022,21,PM2.5,Hyderabad,1,21,7,21,8
10-05-2022,21,PM2.5,Hyderabad,.,21,7,21,20
10-06-2022,36,NO2,Hyderabad,9,31,13,31,36
10-07-2022,42,PM2.5,Hyderabad,9,42,16,42,25
10-08-2022,27,Ozone,Bangalore,3,27,5,17,17
10-09-2022,37,PM2.5,Hyderabad,6,31,11,37,26
10-10-2022,48,PM2.5,Hyderabad,6,31,20,48,30
10-11-2022,51,PM2.5,Hyderabad,6,31,17,51,29
10-12-2022,54,PM2.5,Hyderabad,8,49,22,54,34
10/13/2022,45,PM2.5,Hyderabad,6,39,16,45,26
10/14/2022,33,Ozone,Bangalore,8,33,9,28,23
10/15/2022,52,PM2.5,Hyderabad,9,34,17,52,27
10/16/2022,55,PM2.5,Hyderabad,8,31,19,55,27
10/17/2022,59,PM2.5,Hyderabad,8,4,19,59,18
10/18/2022,43,PM2.5,Hyderabad,6,26,15,43,26
10/19/2022,32,PM2.5,Hyderabad,6,19,11,32,22
10/20/2022,37,PM2.5,Hyderabad,6,24,16,37,32
10/21/2022,55,PM2.5,Hyderabad,.,32,21,55,32
10/22/2022,61,PM2.5,Hyderabad,.,44,21,61,36
10/23/2022,61,PM2.5,Hyderabad,.,28,19,61,25
10/24/2022,36,PM2.5,Bangalore,3,27,9,36,13
10/25/2022,43,PM2.5,Hyderabad,3,6,14,43,12
10/26/2022,31,PM2.5,Hyderabad,6,11,11,31,20
10/27/2022,29,Ozone,Bangalore,5,29,7,21,16
10/28/2022,31,PM2.5,Bangalore,7,23,10,31,30
10/29/2022,55,PM2.5,Bangalore,10,30,14,55,35
10/30/2022,64,PM2.5,Bangalore,11,27,19,64,35
10/31/2022,54,PM2.5,Hyderabad,10,32,19,54,32
11-01-2022,51,PM2.5,Hyderabad,6,14,13,51,23
11-02-2022,44,PM2.5,Hyderabad,10,31,14,44,34
11-03-2022,61,PM2.5,Hyderabad,11,33,22,61,29
11-04-2022,46,PM2.5,Hyderabad,8,34,16,46,25
11-05-2022,37,PM2.5,Hyderabad,6,33,15,37,19
11-06-2022,42,PM2.5,Hyderabad,5,32,18,42,11
11-07-2022,36,Ozone,Bangalore,3,36,13,32,20
11-08-2022,21,PM2.5,Hyderabad,2,.,9,21,8
11-09-2022,27,PM2.5,Hyderabad,6,24,10,27,20
11-10-2022,42,PM2.5,Hyderabad,6,30,16,42,30
11-11-2022,44,PM2.5,Hyderabad,8,28,17,44,29
11-12-2022,30,Ozone,Bangalore,3,30,9,28,7
11/13/2022,25,Ozone,Bangalore,2,25,5,19,5
11/14/2022,32,Ozone,Bangalore,1,32,4,14,22
11/15/2022,36,PM2.5,Hyderabad,.,24,9,36,28
11/16/2022,24,Ozone,Bangalore,.,24,6,23,23
11/17/2022,37,PM2.5,Hyderabad,.,24,8,37,22
11/18/2022,44,PM2.5,Hyderabad,5,26,11,44,26
11/19/2022,54,PM2.5,Hyderabad,6,23,13,54,23
11/20/2022,39,PM2.5,Hyderabad,6,28,9,39,27
11/21/2022,37,PM2.5,Hyderabad,6,25,12,37,30
11/22/2022,57,PM2.5,Hyderabad,9,28,19,57,36
11/23/2022,59,PM2.5,Hyderabad,9,32,19,59,35
11/24/2022,57,PM2.5,Hyderabad,7,30,14,57,29
11/25/2022,53,PM2.5,Hyderabad,6,31,12,53,24
11/26/2022,31,Ozone,Bangalore,2,31,6,22,26
11/27/2022,47,PM2.5,Hyderabad,.,29,12,47,27
11/28/2022,26,Ozone,Bangalore,.,26,4,11,18
11/29/2022,29,PM2.5,Bangalore,.,19,9,29,25
11/30/2022,45,PM2.5,Hyderabad,3,30,11,45,25
12-01-2022,27,NO2,Bangalore,3,26,6,18,27
12-02-2022,38,PM2.5,Hyderabad,5,21,10,38,29
12-03-2022,33,PM2.5,Hyderabad,.,31,9,33,25
12-04-2022,34,PM2.5,Bangalore,.,30,8,34,26
12-05-2022,62,PM2.5,Hyderabad,.,19,19,62,30
12-06-2022,58,PM2.5,Hyderabad,5,32,19,58,28
12-07-2022,32,Ozone,Bangalore,6,32,8,28,25
12-08-2022,27,Ozone,Bangalore,3,27,4,12,14
12-09-2022,29,Ozone,Bangalore,2,29,6,21,20
12-10-2022,26,Ozone,Bangalore,2,26,7,24,13
12-11-2022,34,PM2.5,Hyderabad,2,26,9,34,9
12-12-2022,28,Ozone,Bangalore,.,28,7,27,21
12/13/2022,32,NO2,Hyderabad,.,29,11,29,32
12/14/2022,31,Ozone,Bangalore,2,31,5,13,14
12/15/2022,38,PM2.5,Bangalore,2,25,10,38,31
12/16/2022,27,Ozone,Bangalore,.,27,2,9,9
12/17/2022,22,Ozone,Bangalore,3,22,5,21,21
12/18/2022,34,PM2.5,Bangalore,3,21,7,34,19
12/19/2022,26,PM2.5,Bangalore,.,19,6,26,22
12/20/2022,21,PM2.5,Hyderabad,.,18,5,21,11
12/21/2022,49,PM2.5,Hyderabad,.,11,13,49,26
12/22/2022,61,PM2.5,Bangalore,.,34,19,61,22
12/23/2022,34,Ozone,Bangalore,.,34,16,31,12
12/24/2022,42,PM2.5,Hyderabad,.,24,19,42,13
12/25/2022,44,PM2.5,Hyderabad,.,26,15,44,23
12/26/2022,41,PM2.5,Hyderabad,.,26,15,41,23
12/27/2022,46,PM2.5,Hyderabad,.,26,15,46,30
12/28/2022,67,PM2.5,Hyderabad,.,18,25,67,32
12/29/2022,72,PM2.5,Hyderabad,.,19,31,72,40
12/30/2022,77,PM2.5,Hyderabad,.,29,31,77,38
12/31/2022,68,PM2.5,Hyderabad,.,20,24,68,25
01-01-2023,39,PM2.5,Hyderabad,.,27,9,39,24
01-02-2023,62,PM2.5,Hyderabad,.,4,19,62,25
01-03-2023,61,PM2.5,Hyderabad,.,1,16,61,19
01-04-2023,59,PM2.5,Bangalore,.,6,18,59,15
01-05-2023,20,PM2.5,Bangalore,.,19,6,20,14
01-06-2023,32,PM2.5,Hyderabad,.,13,6,32,16
01-07-2023,32,PM2.5,Bangalore,.,25,6,32,20
01-08-2023,26,PM2.5,Bangalore,.,24,6,26,25
01-09-2023,56,PM2.5,Bangalore,.,23,15,56,28
01-10-2023,27,Ozone,Bangalore,3,27,6,24,24
01-11-2023,39,PM2.5,Bangalore,2,22,9,39,27
01-12-2023,51,PM2.5,Hyderabad,.,30,8,51,21
01/13/2023,36,PM2.5,Bangalore,.,34,11,36,25
01/14/2023,29,Ozone,Bangalore,1,29,5,21,6
01/15/2023,33,Ozone,Bangalore,1,33,6,18,4
01/16/2023,31,Ozone,Bangalore,1,31,6,19,26
01/17/2023,38,NO2,Hyderabad,.,22,23,37,38
01/18/2023,38,NO2,Hyderabad,.,15,11,32,38
01/19/2023,32,PM2.5,Hyderabad,.,16,8,32,27
01/20/2023,27,NO2,Hyderabad,.,21,6,25,27
01/21/2023,28,Ozone,Bangalore,.,28,4,17,7
01/22/2023,41,PM2.5,Hyderabad,.,22,9,41,16
01/23/2023,24,Ozone,Bangalore,3,24,5,23,13
01/24/2023,32,PM2.5,Hyderabad,6,27,14,32,29
01/25/2023,37,PM2.5,Hyderabad,6,24,12,37,28
01/26/2023,27,Ozone,Bangalore,5,27,6,19,26
01/27/2023,32,PM2.5,Hyderabad,6,26,8,32,30
01/28/2023,47,PM2.5,Hyderabad,7,30,12,47,31
01/29/2023,55,PM2.5,Hyderabad,9,33,16,55,28
01/30/2023,57,PM2.5,Hyderabad,8,26,16,57,36
01/31/2023,31,Ozone,Bangalore,7,31,5,21,10
02-01-2023,32,Ozone,Bangalore,2,32,7,27,15
02-02-2023,56,PM2.5,Hyderabad,.,29,18,56,37
02-03-2023,34,Ozone,Bangalore,2,34,12,32,19
02-04-2023,31,Ozone,Bangalore,5,31,7,26,26
02-05-2023,49,PM2.5,Hyderabad,5,28,14,49,29
02-06-2023,58,PM2.5,Hyderabad,7,30,18,58,31
02-07-2023,44,PM2.5,Hyderabad,6,30,13,44,21
02-08-2023,60,PM2.5,Hyderabad,7,33,18,60,40
02-09-2023,61,PM2.5,Hyderabad,9,11,27,61,35
02-10-2023,51,PM2.5,Hyderabad,8,32,14,51,34
02-11-2023,32,NO2,Hyderabad,5,31,5,19,32
02-12-2023,55,PM2.5,Hyderabad,.,26,15,55,35
02/13/2023,42,PM2.5,Bangalore,6,37,12,42,37
02/14/2023,45,NO2,Hyderabad,6,38,10,34,45
02/15/2023,51,PM2.5,Hyderabad,.,44,19,51,35
02/16/2023,54,PM2.5,Hyderabad,9,30,29,54,40
02/17/2023,55,PM2.5,Hyderabad,6,31,16,55,24
02/18/2023,34,Ozone,Bangalore,6,34,6,23,24
02/19/2023,52,PM2.5,Hyderabad,6,34,14,52,31
02/20/2023,49,PM2.5,Hyderabad,5,38,16,49,23
02/21/2023,53,PM2.5,Hyderabad,5,31,12,53,26
02/22/2023,42,PM2.5,Hyderabad,6,30,10,42,34
02/23/2023,35,PM2.5,Hyderabad,3,30,7,35,25
02/24/2023,35,Ozone,Bangalore,3,35,7,29,25
02/25/2023,33,Ozone,Bangalore,5,33,8,26,22
02/26/2023,67,PM2.5,Hyderabad,6,38,29,67,35
02/27/2023,38,Ozone,Bangalore,13,38,15,37,22
02/28/2023,39,PM2.5,Hyderabad,5,33,8,39,34
03-01-2023,55,PM2.5,Hyderabad,9,40,25,55,38
03-02-2023,38,PM2.5,Hyderabad,5,38,8,38,23
03-03-2023,44,Ozone,Visakhapatnam,3,44,8,23,29
03-04-2023,43,Ozone,Visakhapatnam,3,43,3,10,14
03-05-2023,44,Ozone,Visakhapatnam,3,44,6,25,24
03-06-2023,43,Ozone,Visakhapatnam,2,43,6,21,10
03-07-2023,41,Ozone,Visakhapatnam,2,41,6,15,8
03-08-2023,36,Ozone,Visakhapatnam,2,36,6,17,8
03-09-2023,39,Ozone,Visakhapatnam,3,39,7,19,11
03-10-2023,41,Ozone,Visakhapatnam,6,41,13,38,36
03-11-2023,39,Ozone,Visakhapatnam,5,39,7,31,16
03-12-2023,45,Ozone,Visakhapatnam,5,45,10,34,23
03/13/2023,40,Ozone,Visakhapatnam,3,40,9,28,14
03/14/2023,41,Ozone,Visakhapatnam,2,41,1,6,8
03/15/2023,41,Ozone,Delhi,2,41,4,9,.
03/16/2023,55,NO2,Hyderabad,8,50,13,38,55
03/17/2023,63,PM2.5,Hyderabad,10,54,26,63,42
03/18/2023,44,Ozone,Visakhapatnam,6,44,10,40,28
03/19/2023,42,Ozone,Visakhapatnam,5,42,6,18,20
03/20/2023,46,PM2.5,Hyderabad,5,44,15,46,28
03/21/2023,55,PM2.5,Hyderabad,8,51,21,55,41
03/22/2023,56,PM2.5,Hyderabad,6,51,20,56,43
03/23/2023,60,PM2.5,Hyderabad,7,43,21,60,26
03/24/2023,42,Ozone,Bangalore,5,42,9,34,22
03/25/2023,37,Ozone,Delhi,3,37,10,36,20
03/26/2023,49,Ozone,Delhi,3,49,7,27,37
03/27/2023,50,Ozone,Delhi,8,50,13,38,44
03/28/2023,43,Ozone,Bangalore,2,43,7,26,10
03/29/2023,49,Ozone,Visakhapatnam,5,49,11,36,37
03/30/2023,44,Ozone,Bangalore,3,44,7,21,16
03/31/2023,47,Ozone,Delhi,6,47,15,44,41
04-01-2023,56,PM2.5,Hyderabad,6,43,17,56,24
04-02-2023,48,Ozone,Visakhapatnam,3,48,5,17,20
04-03-2023,58,Ozone,Visakhapatnam,6,58,13,35,40
04-04-2023,71,Ozone,Visakhapatnam,6,71,18,52,37
04-05-2023,44,Ozone,Delhi,15,44,14,40,14
04-06-2023,51,PM2.5,Hyderabad,3,43,14,51,25
04-07-2023,46,Ozone,Visakhapatnam,2,46,7,20,6
04-08-2023,47,Ozone,Bangalore,3,47,7,26,39
04-09-2023,46,Ozone,Visakhapatnam,6,46,9,33,34
04-10-2023,61,Ozone,Visakhapatnam,5,61,15,38,29
04-11-2023,64,Ozone,Visakhapatnam,6,64,22,47,37
04-12-2023,71,Ozone,Visakhapatnam,7,71,22,50,46
04/13/2023,115,Ozone,Delhi,9,115,31,59,39
04/14/2023,156,Ozone,Visakhapatnam,9,156,38,66,47
04/15/2023,54,PM2.5,Hyderabad,6,48,19,54,16
04/16/2023,33,Ozone,Delhi,5,33,7,29,11
04/17/2023,32,Ozone,Delhi,3,32,9,31,22
04/18/2023,41,Ozone,Delhi,.,41,8,18,25
04/19/2023,36,Ozone,Bangalore,.,36,6,16,17
04/20/2023,58,Ozone,Visakhapatnam,.,58,11,27,24
04/21/2023,71,Ozone,Visakhapatnam,.,71,15,38,29
04/22/2023,44,PM2.5,Hyderabad,.,42,16,44,10
04/23/2023,43,Ozone,Delhi,.,43,6,17,15
04/24/2023,43,Ozone,Visakhapatnam,.,43,9,33,20
04/25/2023,44,Ozone,Visakhapatnam,3,44,9,35,26
04/26/2023,48,Ozone,Visakhapatnam,5,48,12,44,25
04/27/2023,51,PM2.5,Hyderabad,6,50,14,51,31
04/28/2023,54,Ozone,Visakhapatnam,5,54,14,52,23
04/29/2023,44,Ozone,Visakhapatnam,3,44,10,37,10
04/30/2023,42,Ozone,Delhi,2,42,5,13,8
05-01-2023,44,Ozone,Delhi,3,44,11,28,18
05-02-2023,35,Ozone,Visakhapatnam,5,35,11,31,25
05-03-2023,34,Ozone,Visakhapatnam,5,34,8,22,23
05-04-2023,38,Ozone,Visakhapatnam,.,38,4,13,14
05-05-2023,33,Ozone,Visakhapatnam,.,33,6,17,32
05-06-2023,41,Ozone,Bangalore,7,41,10,32,24
05-07-2023,46,Ozone,Delhi,5,46,9,29,22
05-08-2023,45,Ozone,Delhi,3,45,8,23,8
05-09-2023,45,Ozone,Delhi,1,45,13,26,28
05-10-2023,48,Ozone,Visakhapatnam,.,48,15,36,30
05-11-2023,55,PM2.5,Hyderabad,.,49,23,55,30
05-12-2023,80,Ozone,Visakhapatnam,.,80,24,55,36
05/13/2023,54,Ozone,Visakhapatnam,.,54,19,51,24
05/14/2023,40,Ozone,Visakhapatnam,.,40,14,35,10
05/15/2023,46,Ozone,Delhi,.,46,15,32,27
05/16/2023,77,Ozone,Delhi,5,77,23,40,29
05/17/2023,42,Ozone,Visakhapatnam,5,42,17,26,9
05/18/2023,45,Ozone,Visakhapatnam,.,45,15,31,25
05/19/2023,50,Ozone,Visakhapatnam,3,50,15,35,23
05/20/2023,34,PM2.5,Hyderabad,3,32,11,34,16
05/21/2023,53,PM2.5,Hyderabad,3,38,15,53,10
05/22/2023,62,PM2.5,Hyderabad,3,44,21,62,19
05/23/2023,49,PM2.5,Hyderabad,5,40,16,49,17
05/24/2023,51,Ozone,Visakhapatnam,3,51,15,38,25
05/25/2023,34,Ozone,Delhi,.,34,7,21,17
05/26/2023,43,Ozone,Delhi,3,43,12,33,25
05/27/2023,51,Ozone,Bangalore,6,51,13,39,25
05/28/2023,100,Ozone,Bangalore,5,100,17,53,15
05/29/2023,51,Ozone,Bangalore,5,51,15,46,19
05/30/2023,44,PM2.5,Hyderabad,5,44,15,44,16
05/31/2023,55,PM2.5,Hyderabad,5,49,20,55,22
06-01-2023,108,Ozone,Bangalore,6,108,28,65,24
06-02-2023,97,Ozone,Bangalore,5,97,24,60,20
06-03-2023,46,PM2.5,Hyderabad,3,27,13,46,7
06-04-2023,21,Ozone,Bangalore,1,21,6,17,5
06-05-2023,31,Ozone,Bangalore,3,31,8,20,25
06-06-2023,155,PM2.5,Hyderabad,7,54,62,155,32
06-07-2023,166,PM2.5,Hyderabad,5,39,67,166,19
06-08-2023,163,PM2.5,Hyderabad,8,32,65,163,18
06-09-2023,64,PM2.5,Hyderabad,8,31,20,64,19
06-10-2023,37,PM2.5,Hyderabad,.,32,11,37,26
06-11-2023,77,Ozone,Delhi,6,77,23,69,18
06-12-2023,80,PM2.5,Hyderabad,6,77,31,80,28
06/13/2023,40,PM2.5,Hyderabad,5,40,12,40,25
06/14/2023,61,Ozone,Delhi,6,61,32,55,31
06/15/2023,48,Ozone,Delhi,5,48,11,34,20
06/16/2023,64,Ozone,Delhi,6,64,19,56,31
06/17/2023,55,PM2.5,Hyderabad,6,37,15,55,16
06/18/2023,39,Ozone,Delhi,3,39,8,29,5
06/19/2023,42,Ozone,Bangalore,5,42,9,29,14
06/20/2023,34,Ozone,Bangalore,5,34,9,24,18
06/21/2023,34,Ozone,Bangalore,3,34,9,26,12
06/22/2023,37,Ozone,Bangalore,3,37,9,26,10
06/23/2023,31,Ozone,Bangalore,2,31,9,27,17
06/24/2023,38,Ozone,Bangalore,.,38,10,32,15
06/25/2023,49,Ozone,Delhi,.,49,13,45,15
06/26/2023,51,PM2.5,Hyderabad,.,40,14,51,16
06/27/2023,61,Ozone,Delhi,5,61,16,47,21
06/28/2023,51,PM2.5,Hyderabad,3,50,16,51,25
06/29/2023,69,PM2.5,Hyderabad,10,38,24,69,20
06/30/2023,129,PM2.5,Hyderabad,11,108,56,129,24
07-01-2023,140,Ozone,Bangalore,11,140,54,128,17
07-02-2023,87,PM2.5,Hyderabad,10,51,38,87,18
07-03-2023,46,Ozone,Delhi,6,46,12,40,14
07-04-2023,52,PM2.5,Hyderabad,6,39,15,52,24
07-05-2023,58,PM2.5,Hyderabad,7,58,19,58,25
07-06-2023,97,Ozone,Bangalore,7,97,22,61,30
07-07-2023,44,PM2.5,Hyderabad,.,42,13,44,24
07-08-2023,53,PM2.5,Hyderabad,6,47,15,53,16
07-09-2023,42,PM2.5,Hyderabad,6,37,11,42,14
07-10-2023,43,Ozone,Delhi,3,43,6,19,11
07-11-2023,55,PM2.5,Hyderabad,2,48,17,55,23
07-12-2023,100,Ozone,Delhi,.,100,22,61,25
07/13/2023,71,Ozone,Delhi,.,71,21,60,25
07/14/2023,44,Ozone,Delhi,.,44,14,43,24
07/15/2023,54,PM2.5,Hyderabad,.,42,17,54,11
07/16/2023,39,PM2.5,Hyderabad,.,28,14,39,11
07/17/2023,71,PM2.5,Hyderabad,.,54,27,71,24
07/18/2023,61,PM2.5,Hyderabad,.,44,20,61,28
07/19/2023,69,PM2.5,Hyderabad,.,67,26,69,22
07/20/2023,58,PM2.5,Hyderabad,6,47,20,58,18
07/21/2023,60,PM2.5,Hyderabad,6,51,19,60,24
07/22/2023,37,PM2.5,Hyderabad,.,33,12,37,16
07/23/2023,52,PM2.5,Bangalore,.,39,15,52,19
07/24/2023,61,Ozone,Bangalore,.,61,19,55,25
07/25/2023,67,Ozone,Bangalore,6,67,17,55,22
07/26/2023,80,Ozone,Bangalore,7,80,24,66,21
07/27/2023,71,Ozone,Bangalore,6,71,19,58,22
07/28/2023,74,Ozone,Delhi,.,74,17,52,24
07/29/2023,133,Ozone,Delhi,6,133,17,54,18
07/30/2023,27,Ozone,Delhi,2,27,8,24,20
07/31/2023,37,Ozone,Delhi,5,37,9,32,13
08-01-2023,32,Ozone,Delhi,2,32,8,27,9
08-02-2023,38,Ozone,Delhi,.,38,8,25,16
08-03-2023,51,Ozone,Bangalore,.,51,13,33,23
08-04-2023,55,PM2.5,Hyderabad,6,51,18,55,21
08-05-2023,62,PM2.5,Hyderabad,6,45,19,62,14
08-06-2023,64,PM2.5,Hyderabad,6,44,20,64,12
08-07-2023,61,PM2.5,Hyderabad,6,41,20,61,26
08-08-2023,44,Ozone,Delhi,5,44,10,26,25
08-09-2023,54,PM2.5,Hyderabad,3,39,15,54,26
08-10-2023,61,PM2.5,Hyderabad,.,46,20,61,27
08-11-2023,52,PM2.5,Hyderabad,.,44,14,52,21
08-12-2023,52,PM2.5,Hyderabad,6,48,16,52,22
08/13/2023,47,Ozone,Delhi,5,47,10,34,15
08/14/2023,50,Ozone,Delhi,5,50,13,36,21
08/15/2023,35,Ozone,Visakhapatnam,5,35,10,33,15
08/16/2023,33,PM2.5,Hyderabad,5,31,11,33,20
08/17/2023,34,Ozone,Visakhapatnam,6,34,11,31,19
08/18/2023,44,Ozone,Delhi,3,44,9,27,23
08/19/2023,46,PM2.5,Bangalore,6,31,13,46,15
08/20/2023,57,PM2.5,Hyderabad,6,48,17,57,19
08/21/2023,65,PM2.5,Hyderabad,7,44,23,65,26
08/22/2023,43,PM2.5,Hyderabad,3,32,13,43,8
08/23/2023,43,Ozone,Delhi,6,43,10,28,19
08/24/2023,37,Ozone,Visakhapatnam,5,37,13,32,19
08/25/2023,35,PM2.5,Hyderabad,6,33,13,35,19
08/26/2023,40,PM2.5,Hyderabad,5,34,13,40,11
08/27/2023,35,PM2.5,Bangalore,3,26,10,35,10
08/28/2023,38,PM2.5,Hyderabad,5,30,11,38,4
08/29/2023,31,Ozone,Visakhapatnam,5,31,8,25,16
08/30/2023,40,Ozone,Delhi,5,40,8,23,18
08/31/2023,32,Ozone,Delhi,2,32,7,18,9
09-01-2023,36,Ozone,Delhi,2,36,9,23,24
09-02-2023,87,Ozone,Delhi,.,87,11,33,15
09-03-2023,53,PM2.5,Hyderabad,5,51,15,53,23
09-04-2023,64,PM2.5,Bangalore,6,54,23,64,16
09-05-2023,62,PM2.5,Hyderabad,6,50,25,62,27
09-06-2023,64,PM2.5,Bangalore,.,49,25,64,25
09-07-2023,71,Ozone,Bangalore,8,71,24,59,24
09-08-2023,55,PM2.5,Bangalore,6,45,19,55,26
09-09-2023,55,PM2.5,Bangalore,3,43,19,55,15
09-10-2023,53,PM2.5,Bangalore,.,30,21,53,15
09-11-2023,32,PM2.5,Bangalore,.,28,14,32,20
09-12-2023,39,Ozone,Delhi,.,39,12,29,23
09/13/2023,34,PM2.5,Hyderabad,.,33,14,34,25
09/14/2023,34,Ozone,Delhi,.,34,10,21,10
09/15/2023,24,Ozone,Delhi,.,24,7,22,4
09/16/2023,33,PM2.5,Bangalore,.,29,10,33,9
09/17/2023,45,Ozone,Delhi,.,45,10,34,19
09/18/2023,35,Ozone,Visakhapatnam,.,35,8,26,24
09/19/2023,28,Ozone,Delhi,.,28,9,24,22
09/20/2023,40,Ozone,Delhi,.,40,10,28,26
09/21/2023,37,Ozone,Delhi,.,37,12,36,21
09/22/2023,33,PM2.5,Hyderabad,3,31,10,33,13
09/23/2023,28,Ozone,Visakhapatnam,3,28,6,22,5
09/24/2023,35,Ozone,Visakhapatnam,2,35,7,23,6
09/25/2023,53,PM2.5,Hyderabad,3,31,14,53,16
09/26/2023,54,PM2.5,Hyderabad,3,26,16,54,24
09/27/2023,43,PM2.5,Hyderabad,3,36,12,43,22
09/28/2023,58,PM2.5,Hyderabad,5,35,19,58,31
09/29/2023,48,PM2.5,Hyderabad,3,29,12,48,9
09/30/2023,98,PM2.5,Hyderabad,7,27,48,98,16
10-01-2023,76,PM2.5,Hyderabad,7,.,34,76,19
10-02-2023,56,PM2.5,Hyderabad,7,32,19,56,29
10-03-2023,57,PM2.5,Hyderabad,8,37,21,57,30
10-04-2023,58,PM2.5,Hyderabad,9,44,21,58,31
10-05-2023,53,PM2.5,Hyderabad,.,40,16,53,24
10-06-2023,50,PM2.5,Hyderabad,5,26,18,50,20
10-07-2023,31,Ozone,Bangalore,3,31,9,22,15
10-08-2023,21,Ozone,Bangalore,.,21,6,16,13
10-09-2023,28,Ozone,Bangalore,.,28,8,24,25
10-10-2023,39,PM2.5,Hyderabad,.,24,14,39,31
10-11-2023,53,PM2.5,Hyderabad,.,34,19,53,36
10-12-2023,45,PM2.5,Hyderabad,.,36,19,45,25
10/13/2023,23,PM2.5,Bangalore,.,21,7,23,23
10/14/2023,33,PM2.5,Hyderabad,6,15,9,33,15
10/15/2023,22,Ozone,Bangalore,6,22,5,18,8
10/16/2023,21,Ozone,Bangalore,2,21,19,17,12
10/17/2023,23,PM2.5,Hyderabad,3,20,11,23,21
10/18/2023,33,PM2.5,Hyderabad,.,17,20,33,20
10/19/2023,35,PM2.5,Hyderabad,.,32,23,35,23
10/20/2023,35,PM2.5,Hyderabad,.,30,13,35,25
10/21/2023,31,Ozone,Bangalore,.,31,6,16,12
10/22/2023,22,Ozone,Bangalore,.,22,3,6,9
10/23/2023,19,Ozone,Bangalore,3,19,6,17,18
10/24/2023,35,PM2.5,Hyderabad,6,.,14,35,22
10/25/2023,46,PM2.5,Hyderabad,7,29,19,46,41
10/26/2023,56,PM2.5,Hyderabad,10,47,27,56,44
10/27/2023,61,PM2.5,Hyderabad,9,29,30,61,36
10/28/2023,43,PM2.5,Hyderabad,9,37,15,43,26
10/29/2023,15,Ozone,Bangalore,2,15,4,13,7
10/30/2023,23,Ozone,Bangalore,2,23,4,13,12
10/31/2023,29,Ozone,Bangalore,3,29,6,18,22
11-01-2023,26,PM2.5,Hyderabad,3,22,6,26,25
11-02-2023,34,PM2.5,Bangalore,.,28,12,34,32
11-03-2023,47,PM2.5,Hyderabad,8,33,19,47,30
11-04-2023,53,PM2.5,Hyderabad,9,28,19,53,32
11-05-2023,61,PM2.5,Hyderabad,9,37,19,61,30
11-06-2023,39,PM2.5,Hyderabad,6,28,13,39,28
11-07-2023,55,PM2.5,Hyderabad,5,36,18,55,28
11-08-2023,32,Ozone,Bangalore,.,32,4,11,9
11-09-2023,37,PM2.5,Hyderabad,.,14,11,37,21
11-10-2023,50,PM2.5,Hyderabad,.,19,18,50,41
11-11-2023,27,PM2.5,Bangalore,5,27,7,27,27
11-12-2023,46,PM2.5,Bangalore,5,30,9,46,29
11/13/2023,58,PM2.5,Bangalore,7,21,16,58,29
11/14/2023,44,PM2.5,Bangalore,7,19,11,44,24
11/15/2023,38,PM2.5,Hyderabad,8,14,13,38,25
11/16/2023,61,PM2.5,Hyderabad,.,24,28,61,42
11/17/2023,58,PM2.5,Hyderabad,8,35,21,58,31
11/18/2023,25,Ozone,Bangalore,5,25,6,17,16
11/19/2023,32,Ozone,Bangalore,5,32,6,21,23
11/20/2023,28,Ozone,Bangalore,3,28,6,19,19
11/21/2023,29,PM2.5,Bangalore,3,27,9,29,23
11/22/2023,15,NO2,Hyderabad,.,.,3,11,15
11/23/2023,26,Ozone,Bangalore,.,26,6,24,23
11/24/2023,32,Ozone,Bangalore,.,32,6,21,19
11/25/2023,32,PM2.5,Bangalore,8,31,7,32,32
11/26/2023,55,PM2.5,Hyderabad,9,32,15,55,31
11/27/2023,28,NO2,Hyderabad,5,22,5,17,28
11/28/2023,29,Ozone,Bangalore,2,29,6,18,17
11/29/2023,32,NO2,Hyderabad,.,25,9,25,32
11/30/2023,57,PM2.5,Hyderabad,.,20,22,57,33
12-01-2023,61,PM2.5,Hyderabad,.,18,23,61,41
12-02-2023,70,PM2.5,Hyderabad,.,17,23,70,26
12-03-2023,52,PM2.5,Hyderabad,.,22,12,52,15
12-04-2023,26,PM2.5,Hyderabad,.,19,9,26,24
12-05-2023,14,NO2,Hyderabad,.,.,3,13,14
12-06-2023,27,PM2.5,Bangalore,.,27,6,27,20
12-07-2023,34,PM2.5,Hyderabad,.,21,10,34,29
12-08-2023,64,PM2.5,Hyderabad,.,16,22,64,26
12-09-2023,65,PM2.5,Hyderabad,.,13,21,65,27
12-10-2023,55,PM2.5,Hyderabad,.,36,16,55,23
12-11-2023,30,Ozone,Bangalore,.,30,2,7,6
12-12-2023,31,NO2,Bangalore,.,26,10,30,31
12/13/2023,32,PM2.5,Hyderabad,7,32,9,32,28
12/14/2023,38,NO2,Hyderabad,2,32,6,17,38
12/15/2023,52,PM2.5,Hyderabad,.,31,17,52,42
12/16/2023,63,PM2.5,Bangalore,.,28,19,63,36
12/17/2023,52,PM2.5,Hyderabad,.,34,13,52,25
12/18/2023,39,Ozone,Bangalore,5,39,8,24,19
12/19/2023,29,Ozone,Bangalore,5,29,4,11,19
12/20/2023,30,Ozone,Bangalore,.,30,5,20,26
12/21/2023,31,Ozone,Bangalore,.,31,6,18,16
12/22/2023,36,NO2,Hyderabad,.,26,10,32,36
12/23/2023,72,PM2.5,Bangalore,.,6,23,72,31
12/24/2023,79,PM2.5,Bangalore,.,6,27,79,31
12/25/2023,63,PM2.5,Bangalore,.,17,19,63,19
12/26/2023,55,PM2.5,Hyderabad,.,8,15,55,26
12/27/2023,56,PM2.5,Hyderabad,.,6,16,56,19
12/28/2023,22,Ozone,Bangalore,.,22,5,20,16
12/29/2023,30,PM2.5,Hyderabad,.,13,8,30,23
12/30/2023,24,Ozone,Bangalore,.,24,3,12,11
12/31/2023,29,Ozone,Bangalore,.,29,3,13,8
01-01-2024,29,PM2.5,Bangalore,.,26,6,29,19
01-02-2024,41,PM2.5,Bangalore,.,19,9,41,29
01-03-2024,54,PM2.5,Bangalore,.,14,15,54,30
01-04-2024,32,PM2.5,Hyderabad,.,31,11,32,24
01-05-2024,35,NO2,Hyderabad,.,32,6,21,35
01-06-2024,57,PM2.5,Hyderabad,.,29,15,57,32
01-07-2024,30,Ozone,Bangalore,.,30,4,17,22
01-08-2024,35,NO2,Hyderabad,.,30,8,33,35
01-09-2024,55,PM2.5,Hyderabad,9,34,13,55,31
01-10-2024,32,Ozone,Bangalore,5,32,7,17,27
01-11-2024,26,NO2,Hyderabad,7,.,8,23,26
01-12-2024,38,PM2.5,Hyderabad,9,30,13,38,30
01/13/2024,31,Ozone,Bangalore,5,31,6,16,23
01/14/2024,31,Ozone,Bangalore,.,31,7,21,10
01/15/2024,28,Ozone,Bangalore,.,28,12,26,24
01/16/2024,33,PM2.5,Hyderabad,.,26,8,33,15
01/17/2024,38,PM2.5,Hyderabad,.,32,29,38,25
01/18/2024,54,PM2.5,Hyderabad,7,27,39,54,30
01/19/2024,58,PM2.5,Bangalore,7,30,15,58,31
01/20/2024,34,Ozone,Bangalore,3,34,9,20,6
01/21/2024,36,Ozone,Bangalore,2,36,10,19,34
01/22/2024,56,PM2.5,Hyderabad,.,24,49,56,41
01/23/2024,57,PM2.5,Hyderabad,.,25,22,57,37
01/24/2024,67,PM2.5,Hyderabad,.,6,22,67,30
01/25/2024,46,PM2.5,Hyderabad,7,22,12,46,30
01/26/2024,27,PM2.5,Bangalore,5,19,6,27,22
01/27/2024,23,PM2.5,Hyderabad,5,23,6,23,19
01/28/2024,32,PM2.5,Bangalore,5,19,6,32,22
01/29/2024,26,Ozone,Bangalore,.,26,3,16,9
01/30/2024,27,Ozone,Bangalore,5,27,7,26,15
01/31/2024,37,PM2.5,Hyderabad,3,.,19,37,29
02-01-2024,63,PM2.5,Hyderabad,.,.,26,63,25
02-02-2024,55,PM2.5,Hyderabad,.,24,14,55,22
02-03-2024,36,Ozone,Bangalore,.,36,5,20,8
02-04-2024,41,Ozone,Bangalore,.,41,4,15,15
02-05-2024,42,Ozone,Bangalore,.,42,6,16,25
02-06-2024,35,Ozone,Bangalore,.,35,8,26,35
02-07-2024,39,PM2.5,Bangalore,.,30,11,39,37
02-08-2024,52,PM2.5,Hyderabad,.,31,19,52,41
02-09-2024,44,PM2.5,Hyderabad,6,38,16,44,24
02-10-2024,56,PM2.5,Hyderabad,8,27,19,56,26
02-11-2024,28,NO2,Hyderabad,7,22,5,19,28
02-12-2024,39,PM2.5,Bangalore,10,26,9,39,26
02/13/2024,31,PM2.5,Bangalore,2,24,7,31,26
02/14/2024,39,Ozone,Bangalore,.,39,5,12,27
02/15/2024,37,Ozone,Bangalore,.,37,13,21,26
02/16/2024,33,Ozone,Bangalore,.,33,9,24,28
02/17/2024,31,Ozone,Bangalore,5,31,13,24,31
02/18/2024,39,PM2.5,Hyderabad,3,37,16,39,24
02/19/2024,39,Ozone,Bangalore,.,39,10,20,34
02/20/2024,34,Ozone,Bangalore,.,34,11,23,33
02/21/2024,47,PM2.5,Hyderabad,.,36,19,47,35
02/22/2024,52,PM2.5,Hyderabad,8,34,22,52,37
02/23/2024,43,PM2.5,Hyderabad,5,21,11,43,29
02/24/2024,39,PM2.5,Bangalore,6,31,9,39,29
02/25/2024,35,Ozone,Bangalore,5,35,7,22,18
02/26/2024,41,PM2.5,Hyderabad,7,25,17,41,29
02/27/2024,58,PM2.5,Hyderabad,8,42,23,58,32
02/28/2024,52,PM2.5,Hyderabad,3,41,19,52,20
02/29/2024,35,Ozone,Bangalore,.,35,5,11,13
03-01-2024,40,PM2.5,Hyderabad,.,40,15,40,31
03-02-2024,40,Ozone,Delhi,5,40,9,34,22
03-03-2024,38,Ozone,Bangalore,3,38,3,11,13
03-04-2024,34,Ozone,Delhi,.,34,7,22,23
03-05-2024,29,Ozone,Delhi,.,29,4,17,16
03-06-2024,44,PM2.5,Hyderabad,.,24,11,44,22
03-07-2024,31,Ozone,Delhi,.,31,3,8,9
03-08-2024,39,Ozone,Delhi,.,39,6,17,18
03-09-2024,39,Ozone,Delhi,.,39,10,24,13
03-10-2024,35,Ozone,Delhi,2,35,1,5,7
03-11-2024,43,Ozone,Delhi,2,43,4,7,5
03-12-2024,44,Ozone,Delhi,2,44,6,16,37
03/13/2024,45,Ozone,Delhi,.,45,17,37,38
03/14/2024,54,Ozone,Delhi,.,54,17,42,36
03/15/2024,44,Ozone,Visakhapatnam,.,44,12,39,30
03/16/2024,44,Ozone,Delhi,.,44,9,29,24
03/17/2024,38,Ozone,Delhi,.,38,8,25,26
03/18/2024,38,Ozone,Delhi,.,38,5,15,25
03/19/2024,40,Ozone,Visakhapatnam,.,40,5,12,15
03/20/2024,37,Ozone,Delhi,9,37,10,33,26
03/21/2024,40,Ozone,Delhi,8,40,4,7,6
03/22/2024,39,Ozone,Delhi,1,39,6,16,18
03/23/2024,36,Ozone,Bangalore,.,36,4,19,8
03/24/2024,41,Ozone,Delhi,2,41,5,16,10
03/25/2024,42,Ozone,Delhi,2,42,7,22,10
03/26/2024,36,Ozone,Delhi,2,36,6,19,8
03/27/2024,30,NO2,Hyderabad,6,26,8,29,30
03/28/2024,34,PM2.5,Hyderabad,6,31,8,34,21
03/29/2024,45,Ozone,Delhi,2,45,6,23,5
03/30/2024,43,Ozone,Delhi,2,43,4,11,17
03/31/2024,47,Ozone,Delhi,2,47,5,16,12
04-01-2024,42,Ozone,Visakhapatnam,6,42,10,31,34
04-02-2024,44,Ozone,Delhi,6,44,11,34,30
04-03-2024,40,Ozone,Delhi,2,40,5,18,17
04-04-2024,41,Ozone,Bangalore,2,41,1,5,13
04-05-2024,36,Ozone,Delhi,3,36,3,9,27
04-06-2024,37,Ozone,Bangalore,2,37,2,7,6
04-07-2024,39,Ozone,Bangalore,3,39,4,16,27
04-08-2024,44,Ozone,Visakhapatnam,8,44,14,37,36
04-09-2024,64,Ozone,Delhi,7,64,16,36,35
04-10-2024,64,Ozone,Visakhapatnam,5,64,16,37,28
04-11-2024,52,PM2.5,Hyderabad,3,40,17,52,23
04-12-2024,41,Ozone,Delhi,3,41,13,34,19
04/13/2024,37,Ozone,Bangalore,.,37,3,7,11
04/14/2024,45,Ozone,Visakhapatnam,.,45,11,38,21
04/15/2024,48,Ozone,Delhi,2,48,14,42,25
04/16/2024,44,Ozone,Delhi,2,44,7,20,24
04/17/2024,40,Ozone,Visakhapatnam,5,40,9,22,23
04/18/2024,31,Ozone,Bangalore,3,31,6,18,17
04/19/2024,40,Ozone,Delhi,3,40,9,24,15
04/20/2024,40,Ozone,Bangalore,5,40,8,25,15
04/21/2024,33,Ozone,Delhi,2,33,4,13,21
04/22/2024,45,Ozone,Bangalore,3,45,6,21,40
04/23/2024,54,Ozone,Delhi,6,54,14,36,34
04/24/2024,47,Ozone,Delhi,3,47,11,24,26
04/25/2024,40,Ozone,Delhi,.,40,8,19,18
04/26/2024,45,Ozone,Bangalore,.,45,10,24,22
04/27/2024,50,Ozone,Visakhapatnam,5,50,11,24,18
04/28/2024,44,Ozone,Delhi,6,44,13,43,27
04/29/2024,48,PM2.5,Hyderabad,7,43,14,48,28
04/30/2024,37,Ozone,Bangalore,5,37,10,27,16
05-01-2024,39,Ozone,Delhi,5,39,11,34,15
05-02-2024,47,Ozone,Visakhapatnam,5,47,12,35,26
05-03-2024,42,Ozone,Bangalore,3,42,7,19,17
05-04-2024,35,Ozone,Bangalore,3,35,9,25,15
05-05-2024,37,Ozone,Delhi,3,37,7,22,12
05-06-2024,33,Ozone,Delhi,6,33,10,30,25
05-07-2024,50,Ozone,Delhi,7,50,13,26,23
05-08-2024,51,Ozone,Delhi,.,51,16,44,28
05-09-2024,35,Ozone,Delhi,.,35,6,16,15
05-10-2024,35,Ozone,Visakhapatnam,.,35,6,16,21
05-11-2024,36,Ozone,Visakhapatnam,.,36,6,19,20
05-12-2024,35,Ozone,Visakhapatnam,.,35,6,22,16
05/13/2024,43,Ozone,Visakhapatnam,.,43,11,31,18
05/14/2024,67,Ozone,Visakhapatnam,5,67,16,38,17
05/15/2024,40,Ozone,Visakhapatnam,5,40,9,26,24
05/16/2024,38,Ozone,Delhi,1,38,8,19,13
05/17/2024,49,Ozone,Bangalore,.,49,9,25,14
05/18/2024,31,Ozone,Bangalore,2,31,6,19,7
05/19/2024,29,Ozone,Bangalore,1,29,4,11,9
05/20/2024,39,Ozone,Bangalore,.,39,9,23,18
05/21/2024,67,Ozone,Visakhapatnam,.,67,17,43,22
05/22/2024,119,Ozone,Visakhapatnam,.,119,19,47,27
05/23/2024,52,PM2.5,Hyderabad,6,46,19,52,27
05/24/2024,74,Ozone,Delhi,7,74,18,43,25
05/25/2024,46,Ozone,Visakhapatnam,2,46,14,27,10
05/26/2024,80,Ozone,Bangalore,.,80,16,52,9
05/27/2024,37,Ozone,Delhi,3,37,11,31,10
05/28/2024,45,Ozone,Delhi,3,45,14,33,19
05/29/2024,37,Ozone,Delhi,.,37,8,21,18
05/30/2024,34,Ozone,Bangalore,.,34,11,32,29
05/31/2024,43,Ozone,Delhi,.,43,13,31,15
06-01-2024,50,Ozone,Delhi,.,50,17,47,29
06-02-2024,112,Ozone,Delhi,.,112,18,52,23
06-03-2024,93,Ozone,Delhi,.,93,21,55,25
06-04-2024,55,PM2.5,Hyderabad,.,48,22,55,22
06-05-2024,64,Ozone,Bangalore,5,64,17,52,20
06-06-2024,34,Ozone,Delhi,3,34,10,30,17
06-07-2024,54,Ozone,Bangalore,.,54,18,27,20
06-08-2024,32,Ozone,Delhi,3,32,8,19,21
06-09-2024,37,Ozone,Bangalore,3,37,7,20,16
06-10-2024,29,Ozone,Delhi,3,29,7,21,13
06-11-2024,27,Ozone,Visakhapatnam,1,27,6,21,13
06-12-2024,35,Ozone,Delhi,.,35,12,32,17
06/13/2024,115,Ozone,Bangalore,.,115,20,54,24
06/14/2024,90,Ozone,Delhi,.,90,19,56,31
06/15/2024,37,PM2.5,Hyderabad,.,36,12,37,14
06/16/2024,44,Ozone,Bangalore,3,44,10,30,14
06/17/2024,84,Ozone,Bangalore,2,84,17,47,19
06/18/2024,105,Ozone,Bangalore,.,105,21,56,22
06/19/2024,119,Ozone,Bangalore,5,119,23,53,29
06/20/2024,185,Ozone,Bangalore,3,185,22,54,34
06/21/2024,54,Ozone,Delhi,.,54,18,51,23
06/22/2024,46,Ozone,Bangalore,.,46,15,44,15
06/23/2024,52,PM2.5,Hyderabad,.,43,15,52,11
06/24/2024,41,Ozone,Delhi,.,41,9,27,6
06/25/2024,58,PM2.5,Bangalore,5,43,19,58,21
06/26/2024,136,Ozone,Delhi,5,136,19,56,25
06/27/2024,41,Ozone,Bangalore,3,41,10,25,16
06/28/2024,41,Ozone,Bangalore,5,41,8,21,15
06/29/2024,35,Ozone,Bangalore,5,35,11,28,10
06/30/2024,42,Ozone,Delhi,3,42,11,33,16
07-01-2024,30,Ozone,Delhi,.,30,8,21,7
07-02-2024,38,Ozone,Bangalore,3,38,10,29,17
07-03-2024,48,Ozone,Bangalore,6,48,16,41,20
07-04-2024,53,PM2.5,Hyderabad,5,44,16,53,11
07-05-2024,61,PM2.5,Hyderabad,6,42,20,61,17
07-06-2024,52,PM2.5,Hyderabad,3,37,16,52,11
07-07-2024,54,PM2.5,Hyderabad,.,50,17,54,14
07-08-2024,71,Ozone,Bangalore,.,71,16,50,18
07-09-2024,87,Ozone,Bangalore,.,87,20,56,27
07-10-2024,46,PM2.5,Hyderabad,.,31,15,46,15
07-11-2024,112,Ozone,Delhi,.,112,12,38,22
07-12-2024,45,Ozone,Bangalore,.,45,11,32,23
07/13/2024,40,Ozone,Bangalore,.,40,9,25,12
07/14/2024,49,PM2.5,Hyderabad,.,48,13,49,15
07/15/2024,97,Ozone,Bangalore,.,97,19,58,25
07/16/2024,115,Ozone,Delhi,.,115,17,52,11
07/17/2024,71,Ozone,Bangalore,.,71,15,52,14
07/18/2024,41,PM2.5,Bangalore,3,38,13,41,11
07/19/2024,29,Ozone,Visakhapatnam,5,29,.,.,.
07/20/2024,80,Ozone,Delhi,7,80,15,48,10
07/21/2024,50,PM2.5,Hyderabad,7,44,14,50,7
07/22/2024,52,PM2.5,Hyderabad,.,47,17,52,10
07/23/2024,43,Ozone,Bangalore,.,43,10,36,5
07/24/2024,34,Ozone,Bangalore,.,34,11,33,4
07/25/2024,44,PM2.5,Hyderabad,.,41,13,44,6
07/26/2024,31,Ozone,Delhi,.,31,9,29,14
07/27/2024,64,PM2.5,Bangalore,.,36,22,64,13
07/28/2024,73,PM2.5,Bangalore,.,36,26,73,11
07/29/2024,59,PM2.5,Hyderabad,.,31,19,59,8
07/30/2024,59,PM2.5,Hyderabad,.,47,24,59,8
07/31/2024,47,Ozone,Bangalore,.,47,16,43,8
08-01-2024,58,PM2.5,Bangalore,.,58,20,58,11
08-02-2024,71,Ozone,Delhi,.,71,22,59,11
08-03-2024,46,Ozone,Delhi,.,46,13,38,8
08-04-2024,51,Ozone,Delhi,.,51,14,33,7
08-05-2024,53,PM2.5,Hyderabad,.,51,18,53,9
08-06-2024,47,PM2.5,Hyderabad,.,33,14,47,10
08-07-2024,31,Ozone,Bangalore,.,31,10,29,10
08-08-2024,34,Ozone,Visakhapatnam,.,34,15,32,10
08-09-2024,40,PM2.5,Bangalore,.,30,17,40,10
08-10-2024,41,Ozone,Delhi,3,41,15,37,20
08-11-2024,43,Ozone,Delhi,5,43,13,33,13
08-12-2024,36,Ozone,Delhi,5,36,10,23,17
08/13/2024,45,PM2.5,Hyderabad,5,28,15,45,20
08/14/2024,64,PM2.5,Hyderabad,5,31,23,64,14
08/15/2024,66,PM2.5,Bangalore,3,28,25,66,17
08/16/2024,81,PM2.5,Hyderabad,.,42,35,81,17
08/17/2024,76,PM2.5,Bangalore,.,38,29,76,12
08/18/2024,66,PM2.5,Hyderabad,.,41,23,66,17
08/19/2024,44,Ozone,Delhi,.,44,13,38,25
08/20/2024,29,Ozone,Delhi,.,29,6,16,14
08/21/2024,29,Ozone,Delhi,5,29,8,23,17
08/22/2024,29,Ozone,Delhi,5,29,9,27,19
08/23/2024,46,PM2.5,Hyderabad,6,39,14,46,24
08/24/2024,56,PM2.5,Hyderabad,7,45,19,56,23
08/25/2024,74,Ozone,Delhi,7,74,22,62,22
08/26/2024,55,PM2.5,Hyderabad,.,45,17,55,26
08/27/2024,56,PM2.5,Hyderabad,5,51,19,56,23
08/28/2024,53,PM2.5,Hyderabad,5,50,18,53,23
08/29/2024,28,Ozone,Bangalore,.,28,12,27,11
08/30/2024,32,Ozone,Visakhapatnam,5,32,8,19,13
08/31/2024,36,Ozone,Delhi,5,36,11,27,13
09-01-2024,44,PM2.5,Bangalore,.,41,13,44,14
09-02-2024,31,PM2.5,Hyderabad,.,31,9,31,5
09-03-2024,37,Ozone,Delhi,3,37,8,21,23
09-04-2024,33,PM2.5,Hyderabad,5,31,13,33,24
09-05-2024,37,Ozone,Bangalore,5,37,14,34,19
09-06-2024,32,PM2.5,Hyderabad,.,32,13,32,15
09-07-2024,31,Ozone,Bangalore,5,31,9,24,11
09-08-2024,34,Ozone,Delhi,5,34,6,16,17
09-09-2024,37,Ozone,Delhi,5,37,9,29,24
09-10-2024,40,Ozone,Bangalore,5,40,8,22,26
09-11-2024,42,Ozone,Delhi,3,42,12,27,22
09-12-2024,48,Ozone,Bangalore,.,48,15,37,26
09/13/2024,93,Ozone,Delhi,.,93,15,41,25
09/14/2024,53,PM2.5,Bangalore,.,44,16,53,25
09/15/2024,49,PM2.5,Hyderabad,.,32,14,49,14
09/16/2024,42,Ozone,Bangalore,.,42,14,33,20
09/17/2024,40,Ozone,Bangalore,.,40,15,37,25
09/18/2024,42,PM2.5,Hyderabad,.,36,17,42,25
09/19/2024,46,Ozone,Bangalore,3,46,17,41,13
09/20/2024,29,Ozone,Delhi,3,29,11,28,6
09/21/2024,32,Ozone,Bangalore,2,32,7,21,4
09/22/2024,33,Ozone,Bangalore,3,33,8,22,8
09/23/2024,30,Ozone,Bangalore,3,30,10,25,13
09/24/2024,32,Ozone,Bangalore,3,32,10,24,10
09/25/2024,34,Ozone,Delhi,2,34,13,32,23
09/26/2024,31,Ozone,Delhi,.,31,11,26,23
09/27/2024,34,PM2.5,Hyderabad,.,32,11,34,22
09/28/2024,34,Ozone,Bangalore,.,34,11,31,16
09/29/2024,27,Ozone,Delhi,.,27,6,23,15
09/30/2024,32,PM2.5,Bangalore,5,30,9,32,23
10-01-2024,32,PM2.5,Hyderabad,5,31,11,32,17
10-02-2024,31,Ozone,Bangalore,6,31,11,28,27
10-03-2024,39,PM2.5,Hyderabad,6,37,14,39,22
10-04-2024,46,Ozone,Bangalore,6,46,14,38,23
10-05-2024,39,Ozone,Bangalore,5,39,9,28,18
10-06-2024,34,Ozone,Bangalore,.,34,9,29,15
10-07-2024,32,Ozone,Bangalore,5,32,12,30,23
10-08-2024,31,Ozone,Bangalore,6,31,8,22,30
10-09-2024,31,Ozone,Bangalore,7,31,11,29,19
10-10-2024,16,Ozone,Bangalore,2,16,4,6,7
10-11-2024,29,NO2,Hyderabad,6,26,7,17,29
10-12-2024,37,Ozone,Bangalore,6,37,11,22,27
10/13/2024,25,PM2.5,Bangalore,.,19,7,25,22
10/14/2024,20,Ozone,Bangalore,3,20,6,17,17
10/15/2024,26,Ozone,Bangalore,3,26,5,13,19
10/16/2024,29,Ozone,Bangalore,3,29,4,11,17
10/17/2024,28,Ozone,Bangalore,5,28,11,27,26
10/18/2024,34,PM2.5,Hyderabad,9,28,13,34,29
10/19/2024,45,PM2.5,Hyderabad,11,28,16,45,29
10/20/2024,50,PM2.5,Hyderabad,.,40,16,50,36
10/21/2024,55,PM2.5,Hyderabad,.,50,26,55,46
10/22/2024,74,Ozone,Bangalore,.,74,39,64,39
10/23/2024,55,PM2.5,Hyderabad,.,44,20,55,30
10/24/2024,33,PM2.5,Hyderabad,2,31,11,33,16
10/25/2024,28,Ozone,Bangalore,6,28,10,21,26
10/26/2024,37,Ozone,Bangalore,6,37,9,19,25
10/27/2024,31,Ozone,Bangalore,6,31,6,18,28
10/28/2024,39,PM2.5,Hyderabad,7,26,15,39,28
10/29/2024,33,PM2.5,Hyderabad,.,33,14,33,18
10/30/2024,53,PM2.5,Hyderabad,.,33,19,53,16
10/31/2024,60,PM2.5,Hyderabad,.,46,25,60,25
11-01-2024,38,PM2.5,Hyderabad,.,36,16,38,10
11-02-2024,21,Ozone,Bangalore,.,21,3,9,8
11-03-2024,31,Ozone,Bangalore,.,31,7,26,26
11-04-2024,39,PM2.5,Hyderabad,.,31,16,39,24
11-05-2024,39,PM2.5,Hyderabad,.,34,17,39,22
11-06-2024,39,PM2.5,Hyderabad,.,38,18,39,20
11-07-2024,31,Ozone,Bangalore,5,31,9,22,20
11-08-2024,19,PM2.5,Hyderabad,6,.,9,19,19
11-09-2024,31,Ozone,Bangalore,2,31,5,12,25
11-10-2024,41,PM2.5,Hyderabad,.,31,13,41,23
11-11-2024,29,Ozone,Bangalore,5,29,7,26,9
11-12-2024,31,Ozone,Bangalore,6,31,4,8,19
11/13/2024,32,Ozone,Bangalore,.,32,6,13,30
11/14/2024,31,Ozone,Bangalore,.,31,7,19,26
11/15/2024,32,Ozone,Bangalore,.,32,13,27,31
11/16/2024,38,Ozone,Bangalore,.,38,6,14,32
11/17/2024,34,Ozone,Bangalore,.,34,7,23,34
11/18/2024,33,PM2.5,Hyderabad,.,32,11,33,31
11/19/2024,34,PM2.5,Hyderabad,.,22,10,34,24
11/20/2024,37,NO2,Hyderabad,.,24,11,29,37
11/21/2024,22,Ozone,Bangalore,.,22,4,13,12
11/22/2024,21,Ozone,Bangalore,5,21,6,16,21
11/23/2024,26,Ozone,Bangalore,3,26,3,10,10
11/24/2024,27,Ozone,Bangalore,2,27,1,4,5
11/25/2024,26,NO2,Hyderabad,6,23,4,12,26
11/26/2024,38,PM2.5,Hyderabad,8,6,10,38,24
11/27/2024,40,PM2.5,Hyderabad,.,21,11,40,26
11/28/2024,38,PM2.5,Hyderabad,.,22,8,38,22
11/29/2024,27,PM2.5,Bangalore,.,26,6,27,22
11/30/2024,31,PM2.5,Bangalore,.,27,6,31,19
12-01-2024,42,PM2.5,Hyderabad,5,27,10,42,25
12-02-2024,35,PM2.5,Hyderabad,6,23,9,35,29
12-03-2024,31,PM2.5,Bangalore,2,30,7,31,25
12-04-2024,36,NO2,Hyderabad,6,.,12,29,36
12-05-2024,52,PM2.5,Hyderabad,5,.,16,52,25
12-06-2024,33,Ozone,Bangalore,2,33,4,9,12
12-07-2024,32,PM2.5,Hyderabad,6,29,10,32,25
12-08-2024,53,PM2.5,Hyderabad,6,29,32,53,28
12-09-2024,58,PM2.5,Hyderabad,.,.,21,58,29
12-10-2024,28,PM2.5,Hyderabad,.,13,6,28,16
12-11-2024,31,Ozone,Bangalore,.,31,6,26,19
12-12-2024,31,Ozone,Bangalore,3,31,6,22,16
12/13/2024,27,Ozone,Bangalore,3,27,6,22,25
12/14/2024,42,PM2.5,Bangalore,3,24,9,42,32
12/15/2024,55,PM2.5,Bangalore,.,15,14,55,26
12/16/2024,56,PM2.5,Hyderabad,5,14,14,56,24
12/17/2024,30,NO2,Hyderabad,6,.,8,27,30
12/18/2024,50,PM2.5,Hyderabad,.,20,15,50,29
12/19/2024,29,Ozone,Bangalore,2,29,4,17,14
12/20/2024,24,PM2.5,Hyderabad,3,23,6,24,18
12/21/2024,33,Ozone,Bangalore,2,33,5,18,8
12/22/2024,31,Ozone,Bangalore,2,31,6,19,12
12/23/2024,38,PM2.5,Hyderabad,6,22,17,38,35
12/24/2024,60,PM2.5,Hyderabad,6,19,24,60,31
12/25/2024,58,PM2.5,Bangalore,.,30,14,58,34
12/26/2024,58,PM2.5,Bangalore,10,24,18,58,39
12/27/2024,74,PM2.5,Hyderabad,10,14,43,74,41
12/28/2024,75,PM2.5,Hyderabad,.,6,31,75,39
12/29/2024,52,PM2.5,Hyderabad,.,36,14,52,29
12/30/2024,36,Ozone,Bangalore,.,36,9,21,27
12/31/2024,28,PM2.5,Hyderabad,6,23,11,28,28
01-01-2025,27,Ozone,Bangalore,5,27,6,23,13
01-02-2025,25,Ozone,Bangalore,3,25,5,11,25
01-03-2025,27,Ozone,Bangalore,5,27,6,19,20
01-04-2025,34,Ozone,Bangalore,5,34,4,10,12
01-05-2025,33,Ozone,Bangalore,.,33,3,11,7
01-06-2025,29,Ozone,Bangalore,.,29,4,13,9
01-07-2025,28,Ozone,Bangalore,.,28,6,12,6
01-08-2025,31,Ozone,Bangalore,.,31,4,8,3
01-09-2025,31,Ozone,Bangalore,.,31,6,11,3
01-10-2025,31,Ozone,Bangalore,.,31,5,14,25
01-11-2025,33,Ozone,Bangalore,.,33,7,29,27
01-12-2025,35,PM2.5,Hyderabad,.,34,10,35,29
01/13/2025,62,PM2.5,Hyderabad,.,25,30,62,28
01/14/2025,34,Ozone,Bangalore,2,34,10,28,27
01/15/2025,34,Ozone,Bangalore,2,34,6,16,10
01/16/2025,53,PM2.5,Hyderabad,6,22,20,53,29
01/17/2025,68,PM2.5,Hyderabad,6,19,32,68,27
01/18/2025,58,PM2.5,Hyderabad,.,30,22,58,21
01/19/2025,31,Ozone,Bangalore,.,31,6,29,20
01/20/2025,33,Ozone,Bangalore,3,33,6,19,25
01/21/2025,56,PM2.5,Hyderabad,5,29,48,56,35
01/22/2025,58,PM2.5,Hyderabad,6,25,33,58,32
01/23/2025,71,PM2.5,Hyderabad,6,23,51,71,36
01/24/2025,68,PM2.5,Hyderabad,.,26,38,68,41
01/25/2025,62,PM2.5,Hyderabad,.,30,35,62,28
01/26/2025,58,PM2.5,Hyderabad,6,34,22,58,34
01/27/2025,48,PM2.5,Hyderabad,7,33,25,48,33
01/28/2025,37,Ozone,Bangalore,3,37,13,26,27
01/29/2025,40,NO2,Hyderabad,6,36,15,31,40
01/30/2025,30,NO2,Bangalore,2,.,7,16,30
01/31/2025,56,PM2.5,Hyderabad,.,22,20,56,35
02-01-2025,37,Ozone,Bangalore,.,37,6,25,18
02-02-2025,32,Ozone,Bangalore,5,32,8,31,23
02-03-2025,68,PM2.5,Hyderabad,5,16,31,68,37
02-04-2025,36,Ozone,Bangalore,.,36,8,27,29
02-05-2025,37,Ozone,Bangalore,3,37,5,16,30
02-06-2025,57,PM2.5,Hyderabad,6,14,17,57,33
02-07-2025,47,PM2.5,Hyderabad,6,35,14,47,24
02-08-2025,36,Ozone,Bangalore,6,36,13,31,19
02-09-2025,40,PM2.5,Hyderabad,7,35,9,40,38
02-10-2025,52,PM2.5,Bangalore,8,39,14,52,39
02-11-2025,62,PM2.5,Hyderabad,5,31,41,62,42
02-12-2025,56,PM2.5,Hyderabad,.,36,16,56,37
02/13/2025,40,Ozone,Bangalore,.,40,6,29,35
02/14/2025,40,Ozone,Bangalore,.,40,5,17,11
02/15/2025,37,Ozone,Bangalore,5,37,10,33,26
02/16/2025,35,Ozone,Bangalore,5,35,7,28,17
02/17/2025,40,Ozone,Bangalore,3,40,7,17,11
02/18/2025,37,Ozone,Bangalore,3,37,12,19,18
02/19/2025,35,Ozone,Bangalore,2,35,5,13,14
02/20/2025,31,Ozone,Bangalore,.,31,7,21,29
02/21/2025,37,Ozone,Bangalore,2,37,6,14,10
02/22/2025,42,Ozone,Bangalore,6,42,14,32,25
02/23/2025,59,PM2.5,Hyderabad,7,45,19,59,29
02/24/2025,64,PM2.5,Hyderabad,6,46,28,64,43
02/25/2025,55,PM2.5,Hyderabad,6,43,31,55,35
02/26/2025,42,Ozone,Bangalore,5,42,8,29,32
02/27/2025,56,PM2.5,Hyderabad,7,19,18,56,32
02/28/2025,39,Ozone,Bangalore,5,39,6,19,35
03-01-2025,41,Ozone,Delhi,5,41,14,32,16
03-02-2025,41,Ozone,Bangalore,2,41,5,17,7
03-03-2025,41,Ozone,Bangalore,5,41,8,26,40
03-04-2025,56,PM2.5,Hyderabad,6,45,22,56,36
03-05-2025,44,Ozone,Bangalore,.,44,20,42,25
03-06-2025,42,Ozone,Bangalore,.,42,10,28,23
03-07-2025,44,Ozone,Bangalore,.,44,6,12,22
03-08-2025,44,Ozone,Bangalore,5,44,6,18,29
03-09-2025,42,Ozone,Bangalore,1,42,8,29,42
03-10-2025,47,Ozone,Delhi,.,47,12,34,35
03-11-2025,54,Ozone,Bangalore,.,54,16,43,40
03-12-2025,44,Ozone,Bangalore,.,44,7,20,38
03/13/2025,46,Ozone,Bangalore,.,46,11,22,21
03/14/2025,48,Ozone,Visakhapatnam,.,48,16,34,21
03/15/2025,49,Ozone,Visakhapatnam,.,49,8,30,14
03/16/2025,49,PM2.5,Hyderabad,.,44,18,49,22
03/17/2025,44,Ozone,Visakhapatnam,.,44,6,18,27
03/18/2025,38,Ozone,Bangalore,.,38,8,22,37
03/19/2025,45,Ozone,Visakhapatnam,.,45,15,39,28
03/20/2025,33,Ozone,Visakhapatnam,.,33,6,18,20
03/21/2025,42,Ozone,Bangalore,.,42,4,12,9
03/22/2025,46,Ozone,Delhi,.,46,8,21,30
03/23/2025,38,Ozone,Delhi,.,38,6,22,30
03/24/2025,40,Ozone,Delhi,.,40,10,34,28
03/25/2025,45,Ozone,Delhi,.,45,11,41,27
03/26/2025,39,Ozone,Bangalore,6,39,8,26,28
03/27/2025,39,Ozone,Bangalore,5,39,6,18,36
03/28/2025,48,Ozone,Bangalore,6,48,11,28,33
03/29/2025,51,PM2.5,Hyderabad,5,35,13,51,20
03/30/2025,46,PM2.5,Hyderabad,3,36,12,46,9
03/31/2025,53,PM2.5,Hyderabad,3,35,17,53,25
04-01-2025,44,Ozone,Bangalore,.,44,5,16,21
04-02-2025,45,Ozone,Visakhapatnam,.,45,8,22,14
04-03-2025,51,PM2.5,Hyderabad,.,41,17,51,29
04-04-2025,44,Ozone,Bangalore,.,44,8,26,28
04-05-2025,39,Ozone,Delhi,5,39,9,24,24
04-06-2025,45,Ozone,Delhi,3,45,6,24,14
04-07-2025,32,Ozone,Delhi,3,32,6,22,17
04-08-2025,37,Ozone,Bangalore,5,37,6,22,19
04-09-2025,41,Ozone,Bangalore,2,41,6,18,20
04-10-2025,51,Ozone,Bangalore,.,51,12,36,37
04-11-2025,45,Ozone,Visakhapatnam,.,45,8,32,15
04-12-2025,45,Ozone,Visakhapatnam,.,45,3,13,6
04/13/2025,40,Ozone,Bangalore,2,40,3,12,15
04/14/2025,50,Ozone,Delhi,5,50,10,27,32
04/15/2025,50,PM2.5,Hyderabad,.,43,16,50,28
04/16/2025,38,Ozone,Bangalore,.,38,3,7,8
04/17/2025,47,Ozone,Delhi,3,47,6,18,35
04/18/2025,74,Ozone,Visakhapatnam,7,74,15,32,37
04/19/2025,97,Ozone,Delhi,3,97,28,63,21
04/20/2025,42,Ozone,Bangalore,.,42,5,15,7
04/21/2025,45,Ozone,Delhi,3,45,9,22,17
04/22/2025,67,Ozone,Delhi,3,67,16,42,25
04/23/2025,58,Ozone,Bangalore,.,58,9,23,31
04/24/2025,101,Ozone,Bangalore,3,101,19,51,27
04/25/2025,97,Ozone,Visakhapatnam,3,97,21,52,29
04/26/2025,39,Ozone,Delhi,.,39,12,38,12
04/27/2025,33,Ozone,Delhi,2,33,3,8,25
04/28/2025,54,Ozone,Delhi,3,54,11,25,35
04/29/2025,80,Ozone,Visakhapatnam,.,80,18,34,28
04/30/2025,41,Ozone,Delhi,2,41,10,23,19
05-01-2025,61,Ozone,Bangalore,5,61,12,23,23
05-02-2025,80,Ozone,Visakhapatnam,3,80,19,54,24
05-03-2025,55,PM2.5,Bangalore,.,51,19,55,17
05-04-2025,49,PM2.5,Hyderabad,.,42,19,49,11
05-05-2025,29,Ozone,Delhi,.,29,6,18,12
05-06-2025,40,Ozone,Bangalore,.,40,9,26,20
05-07-2025,45,Ozone,Delhi,.,45,14,37,21
05-08-2025,42,Ozone,Delhi,.,42,10,25,23
05-09-2025,38,Ozone,Delhi,.,38,9,28,16
05-10-2025,40,Ozone,Visakhapatnam,.,40,7,18,30
05-11-2025,51,Ozone,Bangalore,3,51,11,32,24
05-12-2025,101,Ozone,Delhi,5,101,15,33,22
05/13/2025,64,Ozone,Delhi,5,64,17,39,20
05/14/2025,48,Ozone,Bangalore,5,48,14,36,17
05/15/2025,35,PM2.5,Bangalore,3,32,11,35,16
05/16/2025,61,Ozone,Delhi,.,61,15,51,21
05/17/2025,47,PM2.5,Bangalore,.,46,16,47,13
05/18/2025,33,Ozone,Delhi,.,33,10,20,8
05/19/2025,29,Ozone,Delhi,2,29,6,9,2
05/20/2025,24,Ozone,Bangalore,3,24,6,12,8
05/21/2025,32,Ozone,Bangalore,2,32,8,19,3
05/22/2025,29,Ozone,Bangalore,2,29,6,13,5
05/23/2025,28,Ozone,Bangalore,1,28,6,17,12
05/24/2025,27,Ozone,Bangalore,.,27,6,12,10
05/25/2025,29,Ozone,Bangalore,2,29,4,13,5
05/26/2025,40,Ozone,Bangalore,5,40,7,27,10
05/27/2025,45,Ozone,Delhi,6,45,12,34,11
05/28/2025,46,Ozone,Visakhapatnam,.,46,12,29,13
05/29/2025,36,Ozone,Bangalore,5,36,8,26,8
05/30/2025,49,PM2.5,Bangalore,5,41,15,49,9
05/31/2025,36,Ozone,Delhi,.,36,6,17,4
06-01-2025,32,Ozone,Delhi,3,32,6,15,11
06-02-2025,42,Ozone,Delhi,5,42,7,21,13
06-03-2025,58,Ozone,Delhi,6,58,13,33,24
06-04-2025,115,Ozone,Bangalore,3,115,19,47,29
06-05-2025,164,Ozone,Bangalore,.,164,31,70,29
06-06-2025,105,Ozone,Bangalore,.,105,29,71,21
06-07-2025,57,PM2.5,Bangalore,.,31,19,57,13
06-08-2025,81,PM2.5,Bangalore,.,42,34,81,12
06-09-2025,71,PM2.5,Bangalore,.,43,28,71,19
06-10-2025,33,PM2.5,Bangalore,.,24,10,33,25
06-11-2025,77,Ozone,Delhi,.,77,28,66,27
06-12-2025,84,Ozone,Delhi,.,84,33,78,25
06/13/2025,72,PM2.5,Bangalore,7,54,27,72,18
06/14/2025,61,PM2.5,Bangalore,6,34,18,61,8
06/15/2025,52,PM2.5,Bangalore,3,37,13,52,10
06/16/2025,48,PM2.5,Hyderabad,.,44,15,48,20
06/17/2025,28,PM2.5,Hyderabad,6,27,9,28,20
06/18/2025,34,Ozone,Bangalore,7,34,10,33,23
06/19/2025,67,Ozone,Bangalore,6,67,16,46,22
06/20/2025,52,PM2.5,Bangalore,5,40,16,52,13
06/21/2025,97,Ozone,Delhi,6,97,19,61,21
06/22/2025,56,PM2.5,Bangalore,6,43,18,56,14
06/23/2025,77,Ozone,Delhi,6,77,27,65,18
06/24/2025,61,PM2.5,Hyderabad,6,58,27,61,25
06/25/2025,50,PM2.5,Hyderabad,5,43,20,50,25
06/26/2025,41,PM2.5,Bangalore,.,34,14,41,15
06/27/2025,33,Ozone,Visakhapatnam,.,33,12,28,16
06/28/2025,80,Ozone,Delhi,6,80,12,42,16
06/29/2025,42,PM2.5,Bangalore,6,42,11,42,16
06/30/2025,74,Ozone,Bangalore,.,74,16,46,24
07-01-2025,105,Ozone,Delhi,6,105,18,52,20
07-02-2025,54,Ozone,Delhi,5,54,17,48,24
07-03-2025,55,PM2.5,Hyderabad,6,54,19,55,21
07-04-2025,68,PM2.5,Bangalore,5,35,26,68,23
07-05-2025,75,PM2.5,Bangalore,.,48,27,75,19
07-06-2025,119,Ozone,Delhi,6,119,22,65,11
07-07-2025,52,PM2.5,Bangalore,5,33,17,52,17
07-08-2025,50,Ozone,Delhi,3,50,15,45,24
07-09-2025,40,Ozone,Delhi,.,40,11,29,17
07-10-2025,41,Ozone,Bangalore,5,41,10,31,13
07-11-2025,61,Ozone,Bangalore,6,61,14,43,19
07-12-2025,43,Ozone,Bangalore,6,43,8,31,11
07/13/2025,32,Ozone,Bangalore,5,32,6,16,9
07/14/2025,39,PM2.5,Hyderabad,6,31,15,39,18
07/15/2025,64,Ozone,Bangalore,6,64,13,33,20
07/16/2025,90,Ozone,Bangalore,5,90,14,43,20
07/17/2025,67,Ozone,Delhi,.,67,16,47,19
07/18/2025,36,Ozone,Bangalore,.,36,8,20,11
07/19/2025,61,Ozone,Bangalore,.,61,11,29,14
07/20/2025,45,Ozone,Bangalore,.,45,11,33,15
07/21/2025,54,PM2.5,Hyderabad,.,34,19,54,15
07/22/2025,35,Ozone,Delhi,.,35,9,25,20
07/23/2025,58,Ozone,Bangalore,5,58,14,36,21
07/24/2025,100,Ozone,Visakhapatnam,5,100,16,44,20
07/25/2025,67,Ozone,Delhi,3,67,18,53,21
07/26/2025,112,PM2.5,Bangalore,.,54,49,112,12
07/27/2025,99,PM2.5,Bangalore,.,43,41,99,21
07/28/2025,68,PM2.5,Bangalore,.,46,24,68,23
07/29/2025,64,Ozone,Delhi,.,64,21,61,26
07/30/2025,84,Ozone,Delhi,.,84,18,56,21
07/31/2025,72,PM2.5,Bangalore,3,30,25,72,17
08-01-2025,66,PM2.5,Bangalore,6,30,20,66,18
08-02-2025,41,PM2.5,Hyderabad,6,36,14,41,22
08-03-2025,67,PM2.5,Bangalore,7,44,23,67,17
08-04-2025,91,PM2.5,Bangalore,.,77,39,91,33
08-05-2025,127,PM2.5,Bangalore,.,51,52,127,19
08-06-2025,72,PM2.5,Hyderabad,.,33,31,72,17
08-07-2025,46,PM2.5,Hyderabad,.,37,17,46,22
08-08-2025,40,Ozone,Bangalore,.,40,17,37,20
08-09-2025,64,Ozone,Bangalore,6,64,17,49,21
08-10-2025,100,Ozone,Delhi,6,100,19,54,17
08-11-2025,136,Ozone,Delhi,6,136,25,63,19
08-12-2025,164,Ozone,Bangalore,6,164,26,62,18
08/13/2025,84,Ozone,Bangalore,5,84,15,49,10
08/14/2025,51,Ozone,Delhi,3,51,14,49,19
08/15/2025,66,PM2.5,Bangalore,3,44,23,66,17
08/16/2025,60,PM2.5,Bangalore,.,50,20,60,12
08/17/2025,93,Ozone,Delhi,.,93,19,61,17
08/18/2025,33,Ozone,Bangalore,.,33,10,21,11
08/19/2025,34,Ozone,Bangalore,.,34,11,20,15
08/20/2025,29,Ozone,Bangalore,.,29,8,20,14
08/21/2025,32,Ozone,Bangalore,.,32,7,21,13
08/22/2025,37,Ozone,Bangalore,.,37,12,31,25
08/23/2025,64,Ozone,Bangalore,.,64,14,40,17
08/24/2025,33,Ozone,Bangalore,.,33,13,29,11
08/25/2025,44,Ozone,Delhi,.,44,14,33,22
08/26/2025,33,Ozone,Delhi,.,33,8,21,23
08/27/2025,30,Ozone,Bangalore,.,30,8,22,18
08/28/2025,50,Ozone,Bangalore,.,50,14,29,22
08/29/2025,45,Ozone,Bangalore,.,45,12,34,24
08/30/2025,28,Ozone,Bangalore,3,28,6,24,19
08/31/2025,31,Ozone,Bangalore,5,31,7,26,17
09-01-2025,41,PM2.5,Bangalore,5,29,10,41,17
09-02-2025,40,Ozone,Bangalore,5,40,11,39,22
09-03-2025,37,PM2.5,Bangalore,6,36,14,37,23
09-04-2025,46,Ozone,Bangalore,5,46,14,32,21
09-05-2025,54,Ozone,Bangalore,6,54,16,46,22
09-06-2025,52,PM2.5,Bangalore,5,38,18,52,12
09-07-2025,45,PM2.5,Bangalore,5,33,15,45,11
09-08-2025,34,Ozone,Delhi,6,34,9,23,27
09-09-2025,36,Ozone,Bangalore,6,36,9,24,14
09-10-2025,33,Ozone,Bangalore,5,33,10,26,27
09-11-2025,44,Ozone,Bangalore,5,44,13,37,32
09-12-2025,42,PM2.5,Bangalore,.,38,15,42,18
09/13/2025,46,PM2.5,Hyderabad,.,44,16,46,17
09/14/2025,52,PM2.5,Hyderabad,.,51,16,52,17
09/15/2025,54,PM2.5,Bangalore,.,40,15,54,15
09/16/2025,41,PM2.5,Hyderabad,.,34,15,41,25
09/17/2025,34,Ozone,Bangalore,3,34,10,26,10
09/18/2025,41,Ozone,Delhi,6,41,12,29,36
09/19/2025,42,Ozone,Delhi,7,42,17,37,25
09/20/2025,36,Ozone,Bangalore,6,36,11,29,22
09/21/2025,34,Ozone,Bangalore,7,34,9,26,19
09/22/2025,42,Ozone,Bangalore,6,42,14,30,24
09/23/2025,49,Ozone,Delhi,3,49,16,41,25
09/24/2025,35,PM2.5,Bangalore,.,30,11,35,27
09/25/2025,28,PM2.5,Hyderabad,.,25,11,28,19
09/26/2025,37,Ozone,Delhi,.,37,11,27,20
09/27/2025,40,Ozone,Bangalore,.,40,13,39,19
09/28/2025,64,Ozone,Delhi,.,64,13,43,34
09/29/2025,49,PM2.5,Hyderabad,.,37,18,49,30
09/30/2025,46,PM2.5,Bangalore,.,37,20,46,21
10-01-2025,27,Ozone,Bangalore,.,27,.,19,.
10-02-2025,30,Ozone,Bangalore,.,30,.,22,.
10-03-2025,41,Ozone,Bangalore,.,41,.,33,.
10-04-2025,57,PM2.5,Bangalore,.,49,.,57,.
10-05-2025,80,Ozone,Bangalore,.,80,.,61,.
10-06-2025,67,Ozone,Bangalore,.,67,.,52,.
10-07-2025,42,PM2.5,Hyderabad,.,42,.,42,.
10-08-2025,29,Ozone,Bangalore,.,29,.,19,.
10-09-2025,30,Ozone,Bangalore,.,30,.,16,.
10-10-2025,31,Ozone,Bangalore,.,31,.,22,.
10-11-2025,31,Ozone,Bangalore,.,31,.,24,.
10-12-2025,30,Ozone,Bangalore,.,30,.,20,.
10/13/2025,25,Ozone,Bangalore,.,25,.,8,.
10/14/2025,24,Ozone,Bangalore,.,24,.,15,.
10/15/2025,26,Ozone,Bangalore,.,26,.,18,.
10/16/2025,34,Ozone,Bangalore,.,34,.,9,.
10/17/2025,29,Ozone,Bangalore,.,29,.,19,.
10/18/2025,38,PM2.5,Bangalore,.,26,.,38,.
10/19/2025,44,Ozone,Bangalore,.,44,.,33,.
10/20/2025,40,Ozone,Bangalore,.,40,.,22,.
10/21/2025,35,Ozone,Bangalore,.,35,.,24,.
10/22/2025,32,Ozone,Bangalore,.,32,.,31,.
10/23/2025,24,PM2.5,Hyderabad,.,21,.,24,.
10/24/2025,26,PM2.5,Hyderabad,.,15,.,26,.
10/25/2025,28,PM2.5,Bangalore,.,24,.,28,.
10/26/2025,33,PM2.5,Bangalore,.,31,.,33,.
10/27/2025,36,PM2.5,Bangalore,.,22,.,36,.
10/28/2025,27,PM2.5,Bangalore,.,21,.,27,.
10/29/2025,22,PM2.5,Hyderabad,.,19,.,22,.
10/30/2025,29,Ozone,Bangalore,.,29,.,16,.
10/31/2025,32,Ozone,Bangalore,.,32,.,14,.
11-01-2025,31,Ozone,Bangalore,.,31,.,14,.
11-02-2025,46,PM2.5,Bangalore,.,28,.,46,.
11-03-2025,52,PM2.5,Hyderabad,.,31,.,52,.
11-04-2025,33,Ozone,Bangalore,.,33,.,13,.
11-05-2025,38,Ozone,Bangalore,.,38,.,29,.
11-06-2025,32,Ozone,Bangalore,.,32,.,7,.
11-07-2025,39,Ozone,Bangalore,.,39,.,27,.
11-08-2025,46,PM2.5,Hyderabad,.,30,.,46,.
11-09-2025,49,PM2.5,Bangalore,.,26,.,49,.
11-10-2025,25,PM2.5,Bangalore,.,23,.,25,.
11-11-2025,31,Ozone,Bangalore,.,31,.,9,.
11-12-2025,30,PM2.5,Hyderabad,.,23,.,30,.
11/13/2025,26,Ozone,Bangalore,.,26,.,18,.
11/14/2025,28,Ozone,Bangalore,.,28,.,12,.
11/15/2025,25,PM2.5,Bangalore,.,24,.,25,.
11/16/2025,33,PM2.5,Hyderabad,.,29,.,33,.
11/17/2025,30,Ozone,Bangalore,.,30,.,7,.
11/18/2025,31,Ozone,Bangalore,.,31,.,13,.
11/19/2025,39,PM2.5,Hyderabad,.,27,.,39,.
11/20/2025,52,PM2.5,Bangalore,.,24,.,52,.
11/21/2025,69,PM2.5,Bangalore,.,7,.,69,.
11/22/2025,65,PM2.5,Hyderabad,.,27,.,65,.
11/23/2025,43,PM2.5,Bangalore,.,16,.,43,.
11/24/2025,25,PM2.5,Hyderabad,.,19,.,25,.
11/25/2025,43,PM2.5,Hyderabad,.,29,.,43,.
11/26/2025,58,PM2.5,Bangalore,.,25,.,58,.
11/27/2025,29,Ozone,Bangalore,.,29,.,14,.
11/28/2025,35,Ozone,Bangalore,.,35,.,11,.
11/29/2025,39,Ozone,Bangalore,.,39,.,13,.
11/30/2025,41,PM2.5,Bangalore,.,25,.,41,.
12-01-2025,33,Ozone,Bangalore,.,33,.,20,.
12-02-2025,41,PM2.5,Bangalore,.,.,.,41,.
12-03-2025,35,PM2.5,Bangalore,.,32,.,35,.
12-04-2025,46,PM2.5,Hyderabad,.,34,.,46,.
12-05-2025,28,Ozone,Bangalore,.,28,.,21,.
12-06-2025,58,PM2.5,Hyderabad,.,21,.,58,.
12-07-2025,64,PM2.5,Hyderabad,.,29,.,64,.
12-08-2025,34,Ozone,Bangalore,.,34,.,19,.
12-09-2025,26,PM2.5,Bangalore,.,26,.,26,.
12-10-2025,54,PM2.5,Hyderabad,.,23,.,54,.
12-11-2025,34,Ozone,Bangalore,.,34,.,23,.
12-12-2025,33,Ozone,Bangalore,.,33,.,17,.
12/13/2025,52,PM2.5,Hyderabad,.,17,.,52,.
12/14/2025,51,PM2.5,Hyderabad,.,30,.,51,.
12/15/2025,33,Ozone,Bangalore,.,33,.,19,.
12/16/2025,61,PM2.5,Hyderabad,.,23,.,61,.
12/17/2025,69,PM2.5,Hyderabad,.,13,.,69,.
12/18/2025,58,PM2.5,Hyderabad,.,26,.,58,.
12/19/2025,38,PM2.5,Hyderabad,.,35,.,38,.
12/20/2025,34,Ozone,Bangalore,.,34,.,24,.
12/21/2025,33,Ozone,Bangalore,.,33,.,28,.
12/22/2025,34,Ozone,Bangalore,.,34,.,18,.
12/23/2025,53,PM2.5,Hyderabad,.,25,.,53,.
12/24/2025,42,PM2.5,Hyderabad,.,26,.,42,.
12/25/2025,36,PM2.5,Bangalore,.,33,.,36,.
12/26/2025,33,Ozone,Bangalore,.,33,.,15,.
12/27/2025,48,PM2.5,Bangalore,.,29,.,48,.
12/28/2025,75,PM2.5,Hyderabad,.,16,.,75,.
12/29/2025,54,PM2.5,Hyderabad,.,31,.,54,.
12/30/2025,36,Ozone,Bangalore,.,36,.,13,.
12/31/2025,40,PM2.5,Hyderabad,.,35,.,40,.
